seed,episode,scenario_id,robot,full_success,active_steps,first_mode,last_mode,first_probability,mean_probability,visible_switches,controller_switches,run_signature,run_lengths
20260910,1,dense-20260718009765-4dc66d048d98,r1,1,6,dense,dense,0.5573890209197998,0.4776179889837901,0,1,dense,dense:6
20260910,1,dense-20260718009765-4dc66d048d98,r2,1,6,dense,dense,0.8087494969367981,0.8221860329310099,0,1,dense,dense:6
20260910,1,dense-20260718009765-4dc66d048d98,r3,1,7,dense,dense,0.8058085441589355,0.8736124890191215,0,1,dense,dense:7
20260910,1,dense-20260718009765-4dc66d048d98,r4,1,63,dense,standard,0.7798213958740234,0.24119434266218118,1,2,dense -> standard,dense:18;standard:45
20260910,1,dense-20260718009765-4dc66d048d98,r5,1,7,dense,dense,0.8093326091766357,0.7850710238729205,0,1,dense,dense:7
20260910,2,dense-20260718009763-ffe4c1f5a7a4,r1,0,16,dense,standard,0.47972655296325684,0.3584618289023638,1,2,dense -> standard,dense:8;standard:8
20260910,2,dense-20260718009763-ffe4c1f5a7a4,r2,0,6,dense,dense,0.5942587852478027,0.5105705559253693,0,1,dense,dense:6
20260910,2,dense-20260718009763-ffe4c1f5a7a4,r3,0,23,dense,standard,0.8415141105651855,0.46040582592072693,1,2,dense -> standard,dense:16;standard:7
20260910,2,dense-20260718009763-ffe4c1f5a7a4,r4,0,29,dense,standard,0.8386533260345459,0.6212358284613182,1,2,dense -> standard,dense:20;standard:9
20260910,2,dense-20260718009763-ffe4c1f5a7a4,r5,0,6,dense,dense,0.9122606515884399,0.9010677337646484,0,1,dense,dense:6
20260910,3,dense-20260718009863-fb2fb32d9c00,r1,1,17,dense,standard,0.9028202891349792,0.7858007015550837,1,2,dense -> standard,dense:16;standard:1
20260910,3,dense-20260718009863-fb2fb32d9c00,r2,1,15,dense,standard,0.8025659322738647,0.5168254355589549,1,2,dense -> standard,dense:14;standard:1
20260910,3,dense-20260718009863-fb2fb32d9c00,r3,1,58,dense,standard,0.4909898042678833,0.10394092996058793,1,2,dense -> standard,dense:6;standard:52
20260910,3,dense-20260718009863-fb2fb32d9c00,r4,1,11,dense,dense,0.8399043679237366,0.8574861829931085,0,1,dense,dense:11
20260910,3,dense-20260718009863-fb2fb32d9c00,r5,1,25,dense,standard,0.8306187391281128,0.4013631272315979,1,2,dense -> standard,dense:12;standard:13
20260910,4,dense-20260718009776-29a9af4f0715,r1,0,17,dense,dense,0.8784219622612,0.9331861944759593,0,1,dense,dense:17
20260910,4,dense-20260718009776-29a9af4f0715,r2,0,11,dense,standard,0.4698432683944702,0.33372361009771173,1,2,dense -> standard,dense:6;standard:5
20260910,4,dense-20260718009776-29a9af4f0715,r3,0,11,dense,dense,0.6866157054901123,0.836355366490104,0,1,dense,dense:11
20260910,4,dense-20260718009776-29a9af4f0715,r4,0,7,dense,standard,0.6787269711494446,0.674564038004194,1,2,dense -> standard,dense:6;standard:1
20260910,4,dense-20260718009776-29a9af4f0715,r5,0,18,dense,dense,0.5906960964202881,0.6601923306783041,0,1,dense,dense:18
20260910,5,dense-20260718009616-701910482738,r1,1,10,dense,dense,0.7694223523139954,0.7544385433197022,0,1,dense,dense:10
20260910,5,dense-20260718009616-701910482738,r2,1,43,dense,standard,0.4638972282409668,0.14618133160090724,1,2,dense -> standard,dense:6;standard:37
20260910,5,dense-20260718009616-701910482738,r3,1,7,dense,dense,0.8345251083374023,0.8672652840614319,0,1,dense,dense:7
20260910,5,dense-20260718009616-701910482738,r4,1,35,dense,standard,0.792826771736145,0.42447290548256467,1,2,dense -> standard,dense:26;standard:9
20260910,5,dense-20260718009616-701910482738,r5,1,20,dense,dense,0.870076060295105,0.675345778465271,0,1,dense,dense:20
20260910,6,dense-20260718009670-9904c4b2b0e4,r1,0,80,dense,standard,0.7406732439994812,0.1718862813897431,1,2,dense -> standard,dense:16;standard:64
20260910,6,dense-20260718009670-9904c4b2b0e4,r2,0,5,dense,dense,0.7771639227867126,0.8546362519264221,0,1,dense,dense:5
20260910,6,dense-20260718009670-9904c4b2b0e4,r3,0,8,dense,standard,0.812481701374054,0.5664532482624054,1,2,dense -> standard,dense:6;standard:2
20260910,6,dense-20260718009670-9904c4b2b0e4,r4,0,16,dense,standard,0.8197695016860962,0.46057554334402084,1,2,dense -> standard,dense:10;standard:6
20260910,6,dense-20260718009670-9904c4b2b0e4,r5,0,16,dense,standard,0.682849645614624,0.5600672028958797,1,2,dense -> standard,dense:14;standard:2
20260910,7,dense-20260718009718-9b8cecbd04ac,r1,1,7,dense,dense,0.7675375938415527,0.9016469546726772,0,1,dense,dense:7
20260910,7,dense-20260718009718-9b8cecbd04ac,r2,1,21,dense,standard,0.6487981081008911,0.6122128842842012,1,2,dense -> standard,dense:18;standard:3
20260910,7,dense-20260718009718-9b8cecbd04ac,r3,1,16,dense,standard,0.670863151550293,0.3301367131061852,1,2,dense -> standard,dense:10;standard:6
20260910,7,dense-20260718009718-9b8cecbd04ac,r4,1,23,dense,standard,0.7635257244110107,0.5503749640091605,1,2,dense -> standard,dense:18;standard:5
20260910,7,dense-20260718009718-9b8cecbd04ac,r5,1,8,dense,standard,0.5801593065261841,0.47651027143001556,1,2,dense -> standard,dense:6;standard:2
20260910,8,dense-20260718009741-8d3c7569dc30,r1,1,13,dense,standard,0.8916380405426025,0.7502618730068207,1,2,dense -> standard,dense:12;standard:1
20260910,8,dense-20260718009741-8d3c7569dc30,r2,1,22,dense,standard,0.8023233413696289,0.712511118162762,1,2,dense -> standard,dense:18;standard:4
20260910,8,dense-20260718009741-8d3c7569dc30,r3,1,31,dense,standard,0.6611682772636414,0.3926086175826288,1,2,dense -> standard,dense:18;standard:13
20260910,8,dense-20260718009741-8d3c7569dc30,r4,1,5,dense,dense,0.5427439212799072,0.6399497032165528,0,1,dense,dense:5
20260910,8,dense-20260718009741-8d3c7569dc30,r5,1,23,dense,standard,0.6187536716461182,0.4745319211936515,1,2,dense -> standard,dense:16;standard:7
20260910,9,dense-20260718009780-747ab80ebbf1,r1,0,22,dense,standard,0.8396468162536621,0.753196809779514,1,2,dense -> standard,dense:18;standard:4
20260910,9,dense-20260718009780-747ab80ebbf1,r2,0,6,dense,dense,0.5611032247543335,0.550542970498403,0,1,dense,dense:6
20260910,9,dense-20260718009780-747ab80ebbf1,r3,0,9,dense,dense,0.878642201423645,0.7987643480300903,0,1,dense,dense:9
20260910,9,dense-20260718009780-747ab80ebbf1,r4,0,9,dense,dense,0.7525491714477539,0.6882610122362772,0,1,dense,dense:9
20260910,9,dense-20260718009780-747ab80ebbf1,r5,0,7,dense,dense,0.892892599105835,0.9562132017953056,0,1,dense,dense:7
20260910,10,dense-20260718009800-fde3d04b6b3e,r1,1,19,dense,standard,0.6488609313964844,0.3214028967838538,1,2,dense -> standard,dense:6;standard:13
20260910,10,dense-20260718009800-fde3d04b6b3e,r2,1,10,dense,dense,0.8581488728523254,0.8159532308578491,0,1,dense,dense:10
20260910,10,dense-20260718009800-fde3d04b6b3e,r3,1,12,dense,dense,0.786998450756073,0.8176893095175425,0,1,dense,dense:12
20260910,10,dense-20260718009800-fde3d04b6b3e,r4,1,22,dense,standard,0.805881142616272,0.4426048607988791,1,2,dense -> standard,dense:14;standard:8
20260910,10,dense-20260718009800-fde3d04b6b3e,r5,1,20,standard,dense,0.3636125326156616,0.526293084025383,1,1,standard -> dense,standard:4;dense:16
20260910,11,dense-20260718009811-20cf145f164c,r1,1,6,dense,dense,0.6068801879882812,0.659198542435964,0,1,dense,dense:6
20260910,11,dense-20260718009811-20cf145f164c,r2,1,44,dense,standard,0.657207190990448,0.286149843595922,1,2,dense -> standard,dense:24;standard:20
20260910,11,dense-20260718009811-20cf145f164c,r3,1,26,dense,standard,0.8536276817321777,0.5591355590866163,1,2,dense -> standard,dense:16;standard:10
20260910,11,dense-20260718009811-20cf145f164c,r4,1,15,dense,standard,0.8635345101356506,0.48440730770428975,1,2,dense -> standard,dense:8;standard:7
20260910,11,dense-20260718009811-20cf145f164c,r5,1,14,dense,standard,0.807671844959259,0.5301127678581646,1,2,dense -> standard,dense:10;standard:4
20260910,12,dense-20260718009592-73f6b5bf7b4e,r1,1,6,dense,dense,0.8426984548568726,0.8034792145093282,0,1,dense,dense:6
20260910,12,dense-20260718009592-73f6b5bf7b4e,r2,1,18,dense,standard,0.7265834212303162,0.3381687704887655,1,2,dense -> standard,dense:10;standard:8
20260910,12,dense-20260718009592-73f6b5bf7b4e,r3,1,15,dense,standard,0.80472731590271,0.7959210942188899,1,2,dense -> standard,dense:14;standard:1
20260910,12,dense-20260718009592-73f6b5bf7b4e,r4,1,17,dense,standard,0.5428570508956909,0.22626429566127412,1,2,dense -> standard,dense:6;standard:11
20260910,12,dense-20260718009592-73f6b5bf7b4e,r5,1,17,dense,standard,0.8065443634986877,0.5730964769335354,1,2,dense -> standard,dense:14;standard:3
20260910,13,dense-20260718009680-9dbec63d7b4a,r1,0,14,dense,dense,0.6182710528373718,0.6978466127599988,0,1,dense,dense:14
20260910,13,dense-20260718009680-9dbec63d7b4a,r2,0,13,dense,standard,0.44230687618255615,0.3459802567958832,1,2,dense -> standard,dense:8;standard:5
20260910,13,dense-20260718009680-9dbec63d7b4a,r3,0,30,dense,standard,0.8728517293930054,0.5244450266162555,1,2,dense -> standard,dense:18;standard:12
20260910,13,dense-20260718009680-9dbec63d7b4a,r4,0,211,dense,standard,0.6755481958389282,0.09581128991610631,1,2,dense -> standard,dense:16;standard:195
20260910,13,dense-20260718009680-9dbec63d7b4a,r5,0,9,dense,dense,0.9722253084182739,0.9469253288375007,0,1,dense,dense:9
20260910,14,dense-20260718009701-d763e0fcf8b8,r1,1,19,dense,standard,0.8448495864868164,0.6108710067836862,1,2,dense -> standard,dense:16;standard:3
20260910,14,dense-20260718009701-d763e0fcf8b8,r2,1,11,dense,dense,0.8203232884407043,0.9148414514281533,0,1,dense,dense:11
20260910,14,dense-20260718009701-d763e0fcf8b8,r3,1,5,dense,dense,0.7470704913139343,0.5755613148212433,0,1,dense,dense:5
20260910,14,dense-20260718009701-d763e0fcf8b8,r4,1,5,dense,dense,0.5773332715034485,0.7851310133934021,0,1,dense,dense:5
20260910,14,dense-20260718009701-d763e0fcf8b8,r5,1,5,dense,dense,0.75278639793396,0.7016059577465057,0,1,dense,dense:5
20260910,15,dense-20260718009736-fd4b37cee9b2,r1,0,9,dense,standard,0.6002256870269775,0.4118594518966145,1,2,dense -> standard,dense:6;standard:3
20260910,15,dense-20260718009736-fd4b37cee9b2,r2,0,7,dense,dense,0.9397521018981934,0.9602210606847491,0,1,dense,dense:7
20260910,15,dense-20260718009736-fd4b37cee9b2,r3,0,8,dense,dense,0.6820114254951477,0.6739305853843689,0,1,dense,dense:8
20260910,15,dense-20260718009736-fd4b37cee9b2,r4,0,31,dense,standard,0.8085949420928955,0.3984878696501255,1,2,dense -> standard,dense:14;standard:17
20260910,15,dense-20260718009736-fd4b37cee9b2,r5,0,12,dense,dense,0.8625794053077698,0.7347432573636373,0,1,dense,dense:12
20260910,16,dense-20260718009752-45c159191e0b,r1,0,8,dense,dense,0.9406490921974182,0.9348137676715851,0,1,dense,dense:8
20260910,16,dense-20260718009752-45c159191e0b,r2,0,13,dense,standard,0.458822101354599,0.4264589777359596,1,2,dense -> standard,dense:12;standard:1
20260910,16,dense-20260718009752-45c159191e0b,r3,0,7,dense,dense,0.6728906631469727,0.6018121668270656,0,1,dense,dense:7
20260910,16,dense-20260718009752-45c159191e0b,r4,0,11,standard,dense,0.36984094977378845,0.7009586204182018,1,1,standard -> dense,standard:2;dense:9
20260910,16,dense-20260718009752-45c159191e0b,r5,0,5,dense,dense,0.6211163997650146,0.5199559688568115,0,1,dense,dense:5
20260910,17,dense-20260718009864-44fb8f6d6e09,r1,1,25,dense,standard,0.7247455716133118,0.5184475404024124,1,2,dense -> standard,dense:16;standard:9
20260910,17,dense-20260718009864-44fb8f6d6e09,r2,1,4,dense,dense,0.837384819984436,0.8929809629917145,0,1,dense,dense:4
20260910,17,dense-20260718009864-44fb8f6d6e09,r3,1,23,dense,standard,0.7707817554473877,0.5293043994385264,1,2,dense -> standard,dense:18;standard:5
20260910,17,dense-20260718009864-44fb8f6d6e09,r4,1,23,dense,standard,0.7497676610946655,0.5016532556518264,1,2,dense -> standard,dense:20;standard:3
20260910,17,dense-20260718009864-44fb8f6d6e09,r5,1,16,dense,standard,0.650352418422699,0.44900301471352577,1,2,dense -> standard,dense:12;standard:4
20260910,18,dense-20260718009600-37a8587b6168,r1,0,31,dense,standard,0.8592135310173035,0.6599877255578195,1,2,dense -> standard,dense:28;standard:3
20260910,18,dense-20260718009600-37a8587b6168,r2,0,9,dense,standard,0.655928909778595,0.35622406005859375,1,2,dense -> standard,dense:6;standard:3
20260910,18,dense-20260718009600-37a8587b6168,r3,0,23,dense,standard,0.6666436195373535,0.529548224547635,1,2,dense -> standard,dense:18;standard:5
20260910,18,dense-20260718009600-37a8587b6168,r4,0,28,dense,standard,0.8257104754447937,0.603879412769207,1,2,dense -> standard,dense:18;standard:10
20260910,18,dense-20260718009600-37a8587b6168,r5,0,11,dense,standard,0.6084957718849182,0.3491893153298985,1,2,dense -> standard,dense:6;standard:5
20260910,19,dense-20260718009647-4a65a43d9b04,r1,1,10,dense,dense,0.7282657027244568,0.8672175407409668,0,1,dense,dense:10
20260910,19,dense-20260718009647-4a65a43d9b04,r2,1,13,dense,standard,0.7752500176429749,0.6062925882064379,1,2,dense -> standard,dense:10;standard:3
20260910,19,dense-20260718009647-4a65a43d9b04,r3,1,25,dense,standard,0.9367960691452026,0.4903391516208649,1,2,dense -> standard,dense:16;standard:9
20260910,19,dense-20260718009647-4a65a43d9b04,r4,1,7,dense,dense,0.8786407113075256,0.9159561140196664,0,1,dense,dense:7
20260910,19,dense-20260718009647-4a65a43d9b04,r5,1,27,dense,standard,0.727514922618866,0.31457260720155855,1,2,dense -> standard,dense:12;standard:15
20260910,20,dense-20260718009734-4dc7a5bfc5d0,r1,1,13,dense,dense,0.7387303709983826,0.7844981321921716,0,1,dense,dense:13
20260910,20,dense-20260718009734-4dc7a5bfc5d0,r2,1,33,dense,standard,0.7255035042762756,0.48334344961878023,1,2,dense -> standard,dense:20;standard:13
20260910,20,dense-20260718009734-4dc7a5bfc5d0,r3,1,10,dense,dense,0.5728727579116821,0.4915684998035431,0,1,dense,dense:10
20260910,20,dense-20260718009734-4dc7a5bfc5d0,r4,1,21,dense,standard,0.7595352530479431,0.30690345043937367,1,2,dense -> standard,dense:6;standard:15
20260910,20,dense-20260718009734-4dc7a5bfc5d0,r5,1,16,standard,standard,0.3726177215576172,0.2461193697527051,0,0,standard,standard:16
20260910,21,dense-20260718009816-8345c05e538b,r1,1,15,dense,standard,0.6810534000396729,0.4065769056479136,1,2,dense -> standard,dense:12;standard:3
20260910,21,dense-20260718009816-8345c05e538b,r2,1,25,dense,standard,0.7476510405540466,0.5183881960809231,1,2,dense -> standard,dense:18;standard:7
20260910,21,dense-20260718009816-8345c05e538b,r3,1,27,dense,standard,0.7450606226921082,0.3492888570935638,1,2,dense -> standard,dense:10;standard:17
20260910,21,dense-20260718009816-8345c05e538b,r4,1,31,dense,standard,0.8954200744628906,0.3990237490544396,1,2,dense -> standard,dense:16;standard:15
20260910,21,dense-20260718009816-8345c05e538b,r5,1,16,dense,standard,0.8087133169174194,0.7455625645816326,1,2,dense -> standard,dense:14;standard:2
20260910,22,dense-20260718009820-502a90af86bc,r1,0,8,dense,dense,0.738042414188385,0.7656837552785873,0,1,dense,dense:8
20260910,22,dense-20260718009820-502a90af86bc,r2,0,11,standard,dense,0.28763243556022644,0.4805545779791745,1,1,standard -> dense,standard:4;dense:7
20260910,22,dense-20260718009820-502a90af86bc,r3,0,5,dense,dense,0.8118130564689636,0.7118840336799621,0,1,dense,dense:5
20260910,22,dense-20260718009820-502a90af86bc,r4,0,14,dense,standard,0.5950774550437927,0.4169208002941949,1,2,dense -> standard,dense:8;standard:6
20260910,22,dense-20260718009820-502a90af86bc,r5,0,7,dense,dense,0.6756531596183777,0.6425874616418566,0,1,dense,dense:7
20260910,23,dense-20260718009588-fd1401c4c57e,r1,1,17,dense,standard,0.791993260383606,0.36108317730181355,1,2,dense -> standard,dense:8;standard:9
20260910,23,dense-20260718009588-fd1401c4c57e,r2,1,11,dense,standard,0.4870050847530365,0.3907433504408056,1,2,dense -> standard,dense:6;standard:5
20260910,23,dense-20260718009588-fd1401c4c57e,r3,1,18,dense,standard,0.8699926137924194,0.6971984687778685,1,2,dense -> standard,dense:14;standard:4
20260910,23,dense-20260718009588-fd1401c4c57e,r4,1,18,dense,dense,0.6439861059188843,0.7204306423664093,0,1,dense,dense:18
20260910,23,dense-20260718009588-fd1401c4c57e,r5,1,15,dense,standard,0.5738518238067627,0.24735374475518862,1,2,dense -> standard,dense:6;standard:9
20260910,24,dense-20260718009610-b78cd6588459,r1,0,10,dense,standard,0.5625560879707336,0.2787254571914673,1,2,dense -> standard,dense:6;standard:4
20260910,24,dense-20260718009610-b78cd6588459,r2,0,33,dense,standard,0.7290548086166382,0.6064863087552966,1,2,dense -> standard,dense:28;standard:5
20260910,24,dense-20260718009610-b78cd6588459,r3,0,4,standard,standard,0.2522784471511841,0.3368648290634155,0,0,standard,standard:4
20260910,24,dense-20260718009610-b78cd6588459,r4,0,5,dense,dense,0.4899804890155792,0.39338815212249756,0,1,dense,dense:5
20260910,24,dense-20260718009610-b78cd6588459,r5,0,8,dense,dense,0.6970303058624268,0.5300603955984116,0,1,dense,dense:8
20260910,25,dense-20260718009635-a48f762406d3,r1,0,15,dense,dense,0.8255351781845093,0.8582564234733582,0,1,dense,dense:15
20260910,25,dense-20260718009635-a48f762406d3,r2,0,34,dense,standard,0.8771711587905884,0.440803876694511,1,2,dense -> standard,dense:14;standard:20
20260910,25,dense-20260718009635-a48f762406d3,r3,0,16,dense,standard,0.49342477321624756,0.28228112077340484,1,2,dense -> standard,dense:8;standard:8
20260910,25,dense-20260718009635-a48f762406d3,r4,0,5,dense,dense,0.8542662858963013,0.9304566621780396,0,1,dense,dense:5
20260910,25,dense-20260718009635-a48f762406d3,r5,0,22,dense,standard,0.7654522657394409,0.6151079772548242,1,2,dense -> standard,dense:18;standard:4
20260910,26,dense-20260718009653-20abca89e5ce,r1,0,26,dense,standard,0.7887107729911804,0.5488859437979184,1,2,dense -> standard,dense:18;standard:8
20260910,26,dense-20260718009653-20abca89e5ce,r2,0,11,dense,standard,0.8454866409301758,0.6285163787278262,1,2,dense -> standard,dense:8;standard:3
20260910,26,dense-20260718009653-20abca89e5ce,r3,0,6,dense,dense,0.7684372067451477,0.8480910062789917,0,1,dense,dense:6
20260910,26,dense-20260718009653-20abca89e5ce,r4,0,26,dense,standard,0.7812628746032715,0.6869534437473004,1,2,dense -> standard,dense:22;standard:4
20260910,26,dense-20260718009653-20abca89e5ce,r5,0,21,dense,standard,0.6932403445243835,0.622667181349936,1,2,dense -> standard,dense:18;standard:3
20260910,27,dense-20260718009697-385a7c884b01,r1,1,19,dense,standard,0.5934211015701294,0.6779634513353047,1,2,dense -> standard,dense:16;standard:3
20260910,27,dense-20260718009697-385a7c884b01,r2,1,9,dense,dense,0.4410657286643982,0.7465515732765198,0,1,dense,dense:9
20260910,27,dense-20260718009697-385a7c884b01,r3,1,5,dense,dense,0.7347907423973083,0.6687771439552307,0,1,dense,dense:5
20260910,27,dense-20260718009697-385a7c884b01,r4,1,6,dense,dense,0.8136928677558899,0.7375158866246542,0,1,dense,dense:6
20260910,27,dense-20260718009697-385a7c884b01,r5,1,10,dense,dense,0.5470572710037231,0.5197229623794556,0,1,dense,dense:10
20260910,28,dense-20260718009733-5ca97932e5ca,r1,1,27,dense,standard,0.4927751421928406,0.25255308727975245,1,2,dense -> standard,dense:8;standard:19
20260910,28,dense-20260718009733-5ca97932e5ca,r2,1,11,dense,dense,0.540436327457428,0.6827566569501703,0,1,dense,dense:11
20260910,28,dense-20260718009733-5ca97932e5ca,r3,1,11,dense,standard,0.5417294502258301,0.3830431035973809,1,2,dense -> standard,dense:8;standard:3
20260910,28,dense-20260718009733-5ca97932e5ca,r4,1,18,dense,standard,0.6263432502746582,0.28230956320961315,1,2,dense -> standard,dense:8;standard:10
20260910,28,dense-20260718009733-5ca97932e5ca,r5,1,9,dense,standard,0.6133540868759155,0.3423646092414856,1,2,dense -> standard,dense:6;standard:3
20260910,29,dense-20260718009650-5291f4b6745f,r1,1,12,dense,standard,0.7704389095306396,0.5455113599697748,1,2,dense -> standard,dense:10;standard:2
20260910,29,dense-20260718009650-5291f4b6745f,r2,1,19,dense,standard,0.6514768004417419,0.5561152367215407,1,2,dense -> standard,dense:16;standard:3
20260910,29,dense-20260718009650-5291f4b6745f,r3,1,19,dense,standard,0.6207612752914429,0.6127347303064246,1,2,dense -> standard,dense:18;standard:1
20260910,29,dense-20260718009650-5291f4b6745f,r4,1,11,dense,standard,0.6876895427703857,0.429088679226962,1,2,dense -> standard,dense:8;standard:3
20260910,29,dense-20260718009650-5291f4b6745f,r5,1,10,dense,dense,0.8642665147781372,0.9477058410644531,0,1,dense,dense:10
20260910,30,dense-20260718009818-dcacdf6e6780,r1,0,8,dense,dense,0.5037975907325745,0.7767471820116043,0,1,dense,dense:8
20260910,30,dense-20260718009818-dcacdf6e6780,r2,0,10,dense,standard,0.7932515144348145,0.5476881682872772,1,2,dense -> standard,dense:8;standard:2
20260910,30,dense-20260718009818-dcacdf6e6780,r3,0,6,dense,dense,0.8303370475769043,0.9016539653142294,0,1,dense,dense:6
20260910,30,dense-20260718009818-dcacdf6e6780,r4,0,20,dense,standard,0.6311237812042236,0.5628763303160668,1,2,dense -> standard,dense:16;standard:4
20260910,30,dense-20260718009818-dcacdf6e6780,r5,0,14,dense,standard,0.9643456935882568,0.6133071141583579,1,2,dense -> standard,dense:10;standard:4
20260910,31,dense-20260718009848-e6d31e5f8214,r1,1,15,dense,dense,0.6079607009887695,0.5757258693377177,0,1,dense,dense:15
20260910,31,dense-20260718009848-e6d31e5f8214,r2,1,21,dense,standard,0.7264066338539124,0.2826502450874874,1,2,dense -> standard,dense:6;standard:15
20260910,31,dense-20260718009848-e6d31e5f8214,r3,1,9,dense,dense,0.6121292114257812,0.7357557283507453,0,1,dense,dense:9
20260910,31,dense-20260718009848-e6d31e5f8214,r4,1,8,dense,dense,0.7046698331832886,0.6544982939958572,0,1,dense,dense:8
20260910,31,dense-20260718009848-e6d31e5f8214,r5,1,10,dense,dense,0.4909585416316986,0.5722470164299012,0,1,dense,dense:10
20260910,32,dense-20260718009589-133ba33f851b,r1,1,18,dense,standard,0.8491665124893188,0.6647449019882414,1,2,dense -> standard,dense:14;standard:4
20260910,32,dense-20260718009589-133ba33f851b,r2,1,8,dense,standard,0.44357386231422424,0.29643178917467594,1,2,dense -> standard,dense:6;standard:2
20260910,32,dense-20260718009589-133ba33f851b,r3,1,9,dense,dense,0.7880899906158447,0.7865859998597039,0,1,dense,dense:9
20260910,32,dense-20260718009589-133ba33f851b,r4,1,10,dense,standard,0.6796435117721558,0.42519131004810334,1,2,dense -> standard,dense:8;standard:2
20260910,32,dense-20260718009589-133ba33f851b,r5,1,15,dense,standard,0.6727447509765625,0.41716963350772857,1,2,dense -> standard,dense:10;standard:5
20260910,33,dense-20260718009747-91d8a354e329,r1,0,13,dense,standard,0.6350078582763672,0.5767197872583683,1,2,dense -> standard,dense:10;standard:3
20260910,33,dense-20260718009747-91d8a354e329,r2,0,13,dense,dense,0.9078672528266907,0.8741378004734333,0,1,dense,dense:13
20260910,33,dense-20260718009747-91d8a354e329,r3,0,48,dense,standard,0.8235226273536682,0.45296090313543874,1,2,dense -> standard,dense:22;standard:26
20260910,33,dense-20260718009747-91d8a354e329,r4,0,26,dense,standard,0.5586554408073425,0.4203774691201173,1,2,dense -> standard,dense:16;standard:10
20260910,33,dense-20260718009747-91d8a354e329,r5,0,35,dense,standard,0.8288574814796448,0.3221071269895349,3,4,dense -> standard -> dense -> standard,dense:8;standard:20;dense:6;standard:1
20260910,34,dense-20260718009788-f45d1920a21d,r1,0,48,dense,standard,0.7001963257789612,0.4411129526173075,1,2,dense -> standard,dense:36;standard:12
20260910,34,dense-20260718009788-f45d1920a21d,r2,0,5,dense,dense,0.716627299785614,0.8638797521591186,0,1,dense,dense:5
20260910,34,dense-20260718009788-f45d1920a21d,r3,0,8,dense,dense,0.5987775921821594,0.4913879632949829,0,1,dense,dense:8
20260910,34,dense-20260718009788-f45d1920a21d,r4,0,7,standard,standard,0.4075973331928253,0.3551054128578731,0,0,standard,standard:7
20260910,34,dense-20260718009788-f45d1920a21d,r5,0,7,dense,standard,0.6169248819351196,0.41250244634492056,1,2,dense -> standard,dense:6;standard:1
20260910,35,dense-20260718009595-81174b873c68,r1,0,5,dense,dense,0.8439894914627075,0.8916415095329284,0,1,dense,dense:5
20260910,35,dense-20260718009595-81174b873c68,r2,0,23,dense,standard,0.8337995409965515,0.6343622738900392,1,2,dense -> standard,dense:16;standard:7
20260910,35,dense-20260718009595-81174b873c68,r3,0,17,dense,standard,0.6999234557151794,0.4918026485863854,1,2,dense -> standard,dense:12;standard:5
20260910,35,dense-20260718009595-81174b873c68,r4,0,22,dense,standard,0.8549336194992065,0.654708978804675,1,2,dense -> standard,dense:16;standard:6
20260910,35,dense-20260718009595-81174b873c68,r5,0,5,dense,dense,0.775775671005249,0.7262172222137451,0,1,dense,dense:5
20260910,36,dense-20260718009641-a2bcc1748761,r1,0,26,dense,standard,0.8855617046356201,0.6446005214865391,1,2,dense -> standard,dense:18;standard:8
20260910,36,dense-20260718009641-a2bcc1748761,r2,0,15,dense,dense,0.7445427775382996,0.6369643688201905,0,1,dense,dense:15
20260910,36,dense-20260718009641-a2bcc1748761,r3,0,6,dense,dense,0.5559675097465515,0.6447978218396505,0,1,dense,dense:6
20260910,36,dense-20260718009641-a2bcc1748761,r4,0,15,dense,standard,0.7297634482383728,0.5035079364975293,1,2,dense -> standard,dense:10;standard:5
20260910,36,dense-20260718009641-a2bcc1748761,r5,0,22,dense,standard,0.6028776168823242,0.6191922155293551,1,2,dense -> standard,dense:20;standard:2
20260910,37,dense-20260718009665-27205d372417,r1,0,21,dense,standard,0.5960686206817627,0.4668030249220984,1,2,dense -> standard,dense:16;standard:5
20260910,37,dense-20260718009665-27205d372417,r2,0,21,dense,standard,0.8612617254257202,0.8494093091714949,1,2,dense -> standard,dense:20;standard:1
20260910,37,dense-20260718009665-27205d372417,r3,0,23,dense,standard,0.5837613344192505,0.6994643613048221,1,2,dense -> standard,dense:20;standard:3
20260910,37,dense-20260718009665-27205d372417,r4,0,25,dense,standard,0.5830486416816711,0.5556599134206772,1,2,dense -> standard,dense:22;standard:3
20260910,37,dense-20260718009665-27205d372417,r5,0,5,dense,dense,0.6341313719749451,0.3708141312003136,0,1,dense,dense:5
20260910,38,dense-20260718009699-b63c5cb93121,r1,0,16,dense,dense,0.8360480070114136,0.6568028964102268,0,1,dense,dense:16
20260910,38,dense-20260718009699-b63c5cb93121,r2,0,16,dense,standard,0.8162010312080383,0.5379894804209471,1,2,dense -> standard,dense:12;standard:4
20260910,38,dense-20260718009699-b63c5cb93121,r3,0,9,dense,dense,0.7888515591621399,0.8413121567832099,0,1,dense,dense:9
20260910,38,dense-20260718009699-b63c5cb93121,r4,0,22,dense,standard,0.8200562596321106,0.34738683768294076,1,2,dense -> standard,dense:6;standard:16
20260910,38,dense-20260718009699-b63c5cb93121,r5,0,5,dense,dense,0.653906524181366,0.723493504524231,0,1,dense,dense:5
20260910,39,dense-20260718009614-8f24103b36e5,r1,0,5,dense,dense,0.6388582587242126,0.7335802912712097,0,1,dense,dense:5
20260910,39,dense-20260718009614-8f24103b36e5,r2,0,31,dense,standard,0.5260588526725769,0.17947333161869355,1,2,dense -> standard,dense:8;standard:23
20260910,39,dense-20260718009614-8f24103b36e5,r3,0,242,dense,standard,0.6380492448806763,0.14559388551707111,1,2,dense -> standard,dense:28;standard:214
20260910,39,dense-20260718009614-8f24103b36e5,r4,0,5,dense,dense,0.7090643644332886,0.8059354424476624,0,1,dense,dense:5
20260910,39,dense-20260718009614-8f24103b36e5,r5,0,12,dense,standard,0.5516179203987122,0.43460867802302044,1,2,dense -> standard,dense:10;standard:2
20260910,40,dense-20260718009652-7c97534a3d5e,r1,0,21,dense,standard,0.7164720296859741,0.45773224177814664,1,2,dense -> standard,dense:18;standard:3
20260910,40,dense-20260718009652-7c97534a3d5e,r2,0,36,dense,standard,0.7853515148162842,0.3711268439268072,1,2,dense -> standard,dense:18;standard:18
20260910,40,dense-20260718009652-7c97534a3d5e,r3,0,9,standard,standard,0.3552863597869873,0.14897944633331564,0,0,standard,standard:9
20260910,40,dense-20260718009652-7c97534a3d5e,r4,0,41,dense,standard,0.7487457990646362,0.2337547875486496,1,2,dense -> standard,dense:10;standard:31
20260910,40,dense-20260718009652-7c97534a3d5e,r5,0,31,dense,standard,0.6270567774772644,0.4941162920346664,1,2,dense -> standard,dense:22;standard:9
20260910,41,dense-20260718009725-bff5699f35ab,r1,0,21,dense,standard,0.7424664497375488,0.35598228304159074,1,2,dense -> standard,dense:10;standard:11
20260910,41,dense-20260718009725-bff5699f35ab,r2,0,26,dense,standard,0.8314917683601379,0.44822014237825686,1,2,dense -> standard,dense:12;standard:14
20260910,41,dense-20260718009725-bff5699f35ab,r3,0,14,dense,standard,0.7456547617912292,0.49191385933331083,1,2,dense -> standard,dense:8;standard:6
20260910,41,dense-20260718009725-bff5699f35ab,r4,0,30,dense,standard,0.7247970104217529,0.45744415720303855,1,2,dense -> standard,dense:24;standard:6
20260910,41,dense-20260718009725-bff5699f35ab,r5,0,46,dense,standard,0.8103089928627014,0.2873630928604499,1,2,dense -> standard,dense:16;standard:30
20260910,42,dense-20260718009853-b3e1793ba9bb,r1,0,20,dense,dense,0.7151623368263245,0.6122935682535171,0,1,dense,dense:20
20260910,42,dense-20260718009853-b3e1793ba9bb,r2,0,20,dense,dense,0.8529301285743713,0.7919244229793548,0,1,dense,dense:20
20260910,42,dense-20260718009853-b3e1793ba9bb,r3,0,29,dense,standard,0.5733968019485474,0.42430764590871745,1,2,dense -> standard,dense:20;standard:9
20260910,42,dense-20260718009853-b3e1793ba9bb,r4,0,9,dense,dense,0.702557384967804,0.7426840530501472,0,1,dense,dense:9
20260910,42,dense-20260718009853-b3e1793ba9bb,r5,0,15,dense,standard,0.5766474604606628,0.3361200526356697,1,2,dense -> standard,dense:8;standard:7
20260910,43,dense-20260718009685-dfe1975cc6fd,r1,0,19,dense,standard,0.47876986861228943,0.5128712360011903,1,2,dense -> standard,dense:14;standard:5
20260910,43,dense-20260718009685-dfe1975cc6fd,r2,0,19,dense,standard,0.701268196105957,0.550795745692755,1,2,dense -> standard,dense:16;standard:3
20260910,43,dense-20260718009685-dfe1975cc6fd,r3,0,8,dense,dense,0.7737218737602234,0.8365522772073746,0,1,dense,dense:8
20260910,43,dense-20260718009685-dfe1975cc6fd,r4,0,36,dense,standard,0.6102863550186157,0.21585553770677912,1,2,dense -> standard,dense:10;standard:26
20260910,43,dense-20260718009685-dfe1975cc6fd,r5,0,14,dense,standard,0.5445393919944763,0.3969534763268062,1,2,dense -> standard,dense:12;standard:2
20260910,44,dense-20260718009712-c5bcc8fc8e7c,r1,0,6,dense,dense,0.861315131187439,0.9165923396746317,0,1,dense,dense:6
20260910,44,dense-20260718009712-c5bcc8fc8e7c,r2,0,36,dense,standard,0.7932191491127014,0.4147704752782981,1,2,dense -> standard,dense:18;standard:18
20260910,44,dense-20260718009712-c5bcc8fc8e7c,r3,0,5,standard,standard,0.38332363963127136,0.3189311146736145,0,0,standard,standard:5
20260910,44,dense-20260718009712-c5bcc8fc8e7c,r4,0,7,dense,dense,0.8216649293899536,0.9076848200389317,0,1,dense,dense:7
20260910,44,dense-20260718009712-c5bcc8fc8e7c,r5,0,6,dense,dense,0.6402855515480042,0.5759081045786539,0,1,dense,dense:6
20260910,45,dense-20260718009746-cf2520d7fa4a,r1,0,7,dense,dense,0.6142230033874512,0.5266401427132743,0,1,dense,dense:7
20260910,45,dense-20260718009746-cf2520d7fa4a,r2,0,7,dense,dense,0.4788265824317932,0.7016174452645438,0,1,dense,dense:7
20260910,45,dense-20260718009746-cf2520d7fa4a,r3,0,5,standard,dense,0.4224202036857605,0.5007936120033264,1,1,standard -> dense,standard:2;dense:3
20260910,45,dense-20260718009746-cf2520d7fa4a,r4,0,20,dense,standard,0.7507430911064148,0.5315212339162827,1,2,dense -> standard,dense:16;standard:4
20260910,45,dense-20260718009746-cf2520d7fa4a,r5,0,32,dense,standard,0.6996757388114929,0.4813498640432954,1,2,dense -> standard,dense:20;standard:12
20260910,46,dense-20260718009587-0f697e0af350,r1,0,13,dense,standard,0.4948621392250061,0.350828332396654,1,2,dense -> standard,dense:8;standard:5
20260910,46,dense-20260718009587-0f697e0af350,r2,0,7,dense,dense,0.6299237012863159,0.660081684589386,0,1,dense,dense:7
20260910,46,dense-20260718009587-0f697e0af350,r3,0,33,dense,standard,0.49183472990989685,0.3911048939282244,1,2,dense -> standard,dense:14;standard:19
20260910,46,dense-20260718009587-0f697e0af350,r4,0,7,dense,dense,0.8240998387336731,0.7396211113248553,0,1,dense,dense:7
20260910,46,dense-20260718009587-0f697e0af350,r5,0,16,dense,standard,0.8790509104728699,0.6537441536784172,1,2,dense -> standard,dense:14;standard:2
20260910,47,dense-20260718009604-6d4204b8d452,r1,1,18,standard,standard,0.4076210558414459,0.14463059335119194,0,0,standard,standard:18
20260910,47,dense-20260718009604-6d4204b8d452,r2,1,19,dense,standard,0.8770068287849426,0.8152956280269121,1,2,dense -> standard,dense:18;standard:1
20260910,47,dense-20260718009604-6d4204b8d452,r3,1,30,dense,standard,0.5886380672454834,0.3606342007716497,1,2,dense -> standard,dense:16;standard:14
20260910,47,dense-20260718009604-6d4204b8d452,r4,1,25,dense,standard,0.8180672526359558,0.7377821868658065,1,2,dense -> standard,dense:22;standard:3
20260910,47,dense-20260718009604-6d4204b8d452,r5,1,27,dense,standard,0.8454281687736511,0.6310420014240123,1,2,dense -> standard,dense:18;standard:9
20260910,48,dense-20260718009626-0cc4023e8c14,r1,0,9,dense,dense,0.8191820979118347,0.7990732590357462,0,1,dense,dense:9
20260910,48,dense-20260718009626-0cc4023e8c14,r2,0,21,dense,standard,0.8623601794242859,0.5808146026517663,1,2,dense -> standard,dense:14;standard:7
20260910,48,dense-20260718009626-0cc4023e8c14,r3,0,10,dense,dense,0.6533368825912476,0.5925453543663025,0,1,dense,dense:10
20260910,48,dense-20260718009626-0cc4023e8c14,r4,0,19,dense,standard,0.8025482892990112,0.6585391991232571,1,2,dense -> standard,dense:16;standard:3
20260910,48,dense-20260718009626-0cc4023e8c14,r5,0,15,dense,dense,0.6005880832672119,0.7063314974308014,0,1,dense,dense:15
20260910,49,dense-20260718009862-7fedef590b56,r1,0,16,dense,dense,0.6946021914482117,0.7179863527417183,0,1,dense,dense:16
20260910,49,dense-20260718009862-7fedef590b56,r2,0,12,dense,standard,0.8615426421165466,0.6768464098374048,1,2,dense -> standard,dense:10;standard:2
20260910,49,dense-20260718009862-7fedef590b56,r3,0,5,dense,dense,0.5235565900802612,0.4676766574382782,0,1,dense,dense:5
20260910,49,dense-20260718009862-7fedef590b56,r4,0,23,dense,standard,0.736309289932251,0.629378340166548,1,2,dense -> standard,dense:18;standard:5
20260910,49,dense-20260718009862-7fedef590b56,r5,0,212,dense,standard,0.8326379060745239,0.5256904775522789,1,2,dense -> standard,dense:204;standard:8
20260910,50,dense-20260718009688-b33f724b14b9,r1,1,18,dense,standard,0.6299884915351868,0.6040968116786745,1,2,dense -> standard,dense:16;standard:2
20260910,50,dense-20260718009688-b33f724b14b9,r2,1,17,dense,standard,0.9195409417152405,0.8367021294201121,1,2,dense -> standard,dense:16;standard:1
20260910,50,dense-20260718009688-b33f724b14b9,r3,1,14,standard,standard,0.42132043838500977,0.4333532920905522,2,2,standard -> dense -> standard,standard:6;dense:6;standard:2
20260910,50,dense-20260718009688-b33f724b14b9,r4,1,14,dense,standard,0.7841516137123108,0.48153577532087055,1,2,dense -> standard,dense:10;standard:4
20260910,50,dense-20260718009688-b33f724b14b9,r5,1,8,dense,dense,0.7160969376564026,0.8447461724281311,0,1,dense,dense:8
20260910,51,dense-20260718009702-07a4bca3f1c2,r1,0,19,dense,standard,0.8057156801223755,0.7865066826343536,1,2,dense -> standard,dense:18;standard:1
20260910,51,dense-20260718009702-07a4bca3f1c2,r2,0,9,dense,dense,0.7305647134780884,0.5825031465954251,0,1,dense,dense:9
20260910,51,dense-20260718009702-07a4bca3f1c2,r3,0,20,dense,standard,0.5355246067047119,0.21708353012800216,1,2,dense -> standard,dense:6;standard:14
20260910,51,dense-20260718009702-07a4bca3f1c2,r4,0,9,dense,standard,0.5972118377685547,0.24258995263112915,1,2,dense -> standard,dense:6;standard:3
20260910,51,dense-20260718009702-07a4bca3f1c2,r5,0,9,dense,dense,0.8692478537559509,0.8122703201240964,0,1,dense,dense:9
20260910,52,dense-20260718009866-f783fdb14c22,r1,0,7,dense,dense,0.8454916477203369,0.8742472444261823,0,1,dense,dense:7
20260910,52,dense-20260718009866-f783fdb14c22,r2,0,13,dense,dense,0.6575061678886414,0.6312725589825556,0,1,dense,dense:13
20260910,52,dense-20260718009866-f783fdb14c22,r3,0,7,dense,dense,0.8115385174751282,0.8806854827063424,0,1,dense,dense:7
20260910,52,dense-20260718009866-f783fdb14c22,r4,0,20,dense,standard,0.7979543805122375,0.5088520184159279,1,2,dense -> standard,dense:14;standard:6
20260910,52,dense-20260718009866-f783fdb14c22,r5,0,6,dense,dense,0.7448093891143799,0.7609612743059794,0,1,dense,dense:6
20260910,53,dense-20260718009710-561c0e409637,r1,0,6,dense,dense,0.8870241641998291,0.933903972307841,0,1,dense,dense:6
20260910,53,dense-20260718009710-561c0e409637,r2,0,15,dense,standard,0.7614967226982117,0.5327668686707815,1,2,dense -> standard,dense:14;standard:1
20260910,53,dense-20260718009710-561c0e409637,r3,0,10,standard,dense,0.4232478439807892,0.5457976579666137,1,1,standard -> dense,standard:4;dense:6
20260910,53,dense-20260718009710-561c0e409637,r4,0,14,dense,dense,0.8301480412483215,0.8709648506981986,0,1,dense,dense:14
20260910,53,dense-20260718009710-561c0e409637,r5,0,23,dense,standard,0.7007982134819031,0.254240520298481,1,2,dense -> standard,dense:6;standard:17
20260910,54,dense-20260718009601-7169904e9ca1,r1,0,16,dense,standard,0.8059574961662292,0.5580726899206638,1,2,dense -> standard,dense:14;standard:2
20260910,54,dense-20260718009601-7169904e9ca1,r2,0,15,dense,standard,0.8063389658927917,0.4132624516884486,1,2,dense -> standard,dense:8;standard:7
20260910,54,dense-20260718009601-7169904e9ca1,r3,0,15,dense,dense,0.8609100580215454,0.9301653345425923,0,1,dense,dense:15
20260910,54,dense-20260718009601-7169904e9ca1,r4,0,9,dense,dense,0.8045825958251953,0.7571728626887003,0,1,dense,dense:9
20260910,54,dense-20260718009601-7169904e9ca1,r5,0,4,dense,dense,0.49195200204849243,0.5752121210098267,0,1,dense,dense:4
20260910,55,dense-20260718009817-bdd6b33634c0,r1,0,6,dense,dense,0.5925299525260925,0.6609726349512736,0,1,dense,dense:6
20260910,55,dense-20260718009817-bdd6b33634c0,r2,0,15,standard,standard,0.39095357060432434,0.3617185687025388,2,2,standard -> dense -> standard,standard:2;dense:8;standard:5
20260910,55,dense-20260718009817-bdd6b33634c0,r3,0,14,dense,standard,0.7072620987892151,0.5968816322939736,1,2,dense -> standard,dense:12;standard:2
20260910,55,dense-20260718009817-bdd6b33634c0,r4,0,33,dense,standard,0.7682642340660095,0.33864878806652443,1,2,dense -> standard,dense:16;standard:17
20260910,55,dense-20260718009817-bdd6b33634c0,r5,0,30,dense,standard,0.5939792990684509,0.1485392488539219,1,2,dense -> standard,dense:6;standard:24
20260910,56,dense-20260718009844-bdc2b20e64b9,r1,1,13,dense,dense,0.7633925676345825,0.6749634100840642,0,1,dense,dense:13
20260910,56,dense-20260718009844-bdc2b20e64b9,r2,1,19,dense,standard,0.6671574115753174,0.4663995755346198,1,2,dense -> standard,dense:14;standard:5
20260910,56,dense-20260718009844-bdc2b20e64b9,r3,1,18,dense,standard,0.8288342356681824,0.683076798915863,1,2,dense -> standard,dense:16;standard:2
20260910,56,dense-20260718009844-bdc2b20e64b9,r4,1,8,dense,dense,0.8360688090324402,0.9345365464687347,0,1,dense,dense:8
20260910,56,dense-20260718009844-bdc2b20e64b9,r5,1,10,dense,dense,0.8458191156387329,0.8134724259376526,0,1,dense,dense:10
20260910,57,dense-20260718009662-a0ecc9a49f8e,r1,1,33,standard,standard,0.3863241970539093,0.3467767003810767,2,2,standard -> dense -> standard,standard:2;dense:16;standard:15
20260910,57,dense-20260718009662-a0ecc9a49f8e,r2,1,6,dense,dense,0.84394371509552,0.8619599342346191,0,1,dense,dense:6
20260910,57,dense-20260718009662-a0ecc9a49f8e,r3,1,35,dense,standard,0.6380468606948853,0.15255011256252016,1,2,dense -> standard,dense:6;standard:29
20260910,57,dense-20260718009662-a0ecc9a49f8e,r4,1,43,dense,standard,0.7091810703277588,0.3229197288408529,1,2,dense -> standard,dense:18;standard:25
20260910,57,dense-20260718009662-a0ecc9a49f8e,r5,1,12,dense,dense,0.44988393783569336,0.6276699701944987,0,1,dense,dense:12
20260910,58,dense-20260718009801-cac400ad292d,r1,1,9,dense,dense,0.819993257522583,0.8412935336430868,0,1,dense,dense:9
20260910,58,dense-20260718009801-cac400ad292d,r2,1,6,dense,dense,0.6971981525421143,0.7684598167737325,0,1,dense,dense:6
20260910,58,dense-20260718009801-cac400ad292d,r3,1,22,dense,standard,0.7065908312797546,0.3451581709086895,1,2,dense -> standard,dense:10;standard:12
20260910,58,dense-20260718009801-cac400ad292d,r4,1,14,dense,standard,0.7695579528808594,0.6010331085750035,1,2,dense -> standard,dense:12;standard:2
20260910,58,dense-20260718009801-cac400ad292d,r5,1,5,dense,dense,0.6058880686759949,0.7708739757537841,0,1,dense,dense:5
20260910,59,dense-20260718009823-812a82da7ab7,r1,1,5,dense,dense,0.7128114700317383,0.7724725246429444,0,1,dense,dense:5
20260910,59,dense-20260718009823-812a82da7ab7,r2,1,6,dense,dense,0.6339775919914246,0.5495443443457285,0,1,dense,dense:6
20260910,59,dense-20260718009823-812a82da7ab7,r3,1,30,dense,standard,0.4874281883239746,0.37050609985987343,1,2,dense -> standard,dense:16;standard:14
20260910,59,dense-20260718009823-812a82da7ab7,r4,1,5,standard,standard,0.42878973484039307,0.335726672410965,0,0,standard,standard:5
20260910,59,dense-20260718009823-812a82da7ab7,r5,1,21,dense,standard,0.44985297322273254,0.33801859794628053,1,2,dense -> standard,dense:16;standard:5
20260910,60,dense-20260718009607-91b12fbd0394,r1,0,7,dense,dense,0.8003036379814148,0.8882479667663574,0,1,dense,dense:7
20260910,60,dense-20260718009607-91b12fbd0394,r2,0,5,dense,dense,0.7833904027938843,0.6594851434230804,0,1,dense,dense:5
20260910,60,dense-20260718009607-91b12fbd0394,r3,0,20,dense,standard,0.7627456784248352,0.6048240393400193,1,2,dense -> standard,dense:18;standard:2
20260910,60,dense-20260718009607-91b12fbd0394,r4,0,7,dense,dense,0.440570205450058,0.401117742061615,0,1,dense,dense:7
20260910,60,dense-20260718009607-91b12fbd0394,r5,0,6,dense,dense,0.7197216749191284,0.6825793782869974,0,1,dense,dense:6
20260910,61,dense-20260718009707-4acd844023ad,r1,1,21,dense,standard,0.8594734072685242,0.5807749196177437,1,2,dense -> standard,dense:16;standard:5
20260910,61,dense-20260718009707-4acd844023ad,r2,1,6,dense,dense,0.7741004824638367,0.6635608772436777,0,1,dense,dense:6
20260910,61,dense-20260718009707-4acd844023ad,r3,1,19,dense,standard,0.872582733631134,0.3735992826129261,1,2,dense -> standard,dense:8;standard:11
20260910,61,dense-20260718009707-4acd844023ad,r4,1,15,dense,standard,0.8206265568733215,0.7071940243244171,1,2,dense -> standard,dense:14;standard:1
20260910,61,dense-20260718009707-4acd844023ad,r5,1,22,dense,standard,0.8148939609527588,0.4585245630957864,1,2,dense -> standard,dense:10;standard:12
20260910,62,dense-20260718009785-27a5bd6c5e10,r1,0,34,dense,standard,0.8301664590835571,0.41953443604357105,1,2,dense -> standard,dense:22;standard:12
20260910,62,dense-20260718009785-27a5bd6c5e10,r2,0,9,dense,dense,0.865156888961792,0.9348018301857842,0,1,dense,dense:9
20260910,62,dense-20260718009785-27a5bd6c5e10,r3,0,9,dense,dense,0.6273524761199951,0.37618015540970695,2,3,dense -> standard -> dense,dense:6;standard:2;dense:1
20260910,62,dense-20260718009785-27a5bd6c5e10,r4,0,8,dense,dense,0.6361240744590759,0.6193096935749054,0,1,dense,dense:8
20260910,62,dense-20260718009785-27a5bd6c5e10,r5,0,9,dense,standard,0.4698847532272339,0.3465849591626061,1,2,dense -> standard,dense:6;standard:3
20260910,63,dense-20260718009790-d2da034f0ea0,r1,1,18,dense,standard,0.8258039951324463,0.4638458920849694,1,2,dense -> standard,dense:12;standard:6
20260910,63,dense-20260718009790-d2da034f0ea0,r2,1,22,dense,dense,0.5488184094429016,0.49530142545700073,0,1,dense,dense:22
20260910,63,dense-20260718009790-d2da034f0ea0,r3,1,32,dense,standard,0.7806659936904907,0.2572362250648439,1,2,dense -> standard,dense:10;standard:22
20260910,63,dense-20260718009790-d2da034f0ea0,r4,1,9,dense,dense,0.7996178269386292,0.6471545497576395,0,1,dense,dense:9
20260910,63,dense-20260718009790-d2da034f0ea0,r5,1,13,dense,standard,0.6496150493621826,0.45294711337639737,1,2,dense -> standard,dense:8;standard:5
20260910,64,dense-20260718009819-be83a8a179d7,r1,0,15,dense,dense,0.8485174179077148,0.8264591495196024,0,1,dense,dense:15
20260910,64,dense-20260718009819-be83a8a179d7,r2,0,19,dense,standard,0.6454517841339111,0.5174126350565961,1,2,dense -> standard,dense:14;standard:5
20260910,64,dense-20260718009819-be83a8a179d7,r3,0,30,dense,standard,0.8742493391036987,0.38457823197046914,1,2,dense -> standard,dense:16;standard:14
20260910,64,dense-20260718009819-be83a8a179d7,r4,0,6,dense,dense,0.6108205914497375,0.7453139225641886,0,1,dense,dense:6
20260910,64,dense-20260718009819-be83a8a179d7,r5,0,10,dense,dense,0.8059867024421692,0.8786173105239868,0,1,dense,dense:10
