episode,case,pool,topology,conflict_edge_count,e2_full_success,e2_success,e2_collision,e2_unresolved,e2_timeout,e2_steps,e2_failure_type,oracle_full_success,oracle_success,oracle_collision,oracle_unresolved,oracle_timeout,oracle_steps,oracle_failure_type,oracle_dense_action_share,relation
1,standard-20260717006453-310e3af54445,standard,multi,2,0,4,0,1,1,300,timeout+unresolved,1,5,0,0,0,84,success,0.252,oracle_improved
2,standard-20260717006345-2b0c77ef317e,standard,zero,0,1,5,0,0,0,13,success,1,5,0,0,0,13,success,0.167,same
3,standard-20260717006790-507cb8548e2c,standard,edge1,1,1,5,0,0,0,41,success,1,5,0,0,0,38,success,0.367,same
4,dense-20260718008795-2e680ff01f87,dense,edge1,1,1,5,0,0,0,27,success,1,5,0,0,0,30,success,0.443,same
5,dense-20260718008477-2166c0b8d4ec,dense,multi,3,1,5,0,0,0,28,success,0,3,2,0,0,47,collision,0.457,oracle_degraded
6,dense-20260718008354-0aae7aa7c9b9,dense,edge1,1,1,5,0,0,0,51,success,1,5,0,0,0,23,success,0.667,same
7,dense-20260718008705-222a322ea73f,dense,zero,0,1,5,0,0,0,9,success,1,5,0,0,0,13,success,0.729,same
8,dense-20260718009166-dc896a5fcf95,dense,multi,3,0,4,1,0,0,258,collision,1,5,0,0,0,58,success,0.543,oracle_improved
9,standard-20260717006400-c15e4131600a,standard,zero,0,1,5,0,0,0,27,success,1,5,0,0,0,18,success,0.086,same
10,dense-20260718008307-2ccff3820805,dense,edge1,1,1,5,0,0,0,16,success,1,5,0,0,0,20,success,0.768,same
11,standard-20260717006934-0ef2e94e6647,standard,zero,0,1,5,0,0,0,22,success,1,5,0,0,0,16,success,0.2,same
12,dense-20260718008474-2820a4433a10,dense,edge1,1,1,5,0,0,0,33,success,1,5,0,0,0,32,success,0.456,same
13,standard-20260717006248-8b56d502ce3d,standard,zero,0,1,5,0,0,0,19,success,1,5,0,0,0,26,success,0.5,same
14,standard-20260717006584-f2f56bb080f5,standard,edge1,1,1,5,0,0,0,21,success,1,5,0,0,0,23,success,0.145,same
15,standard-20260717006321-9ed7dce40aef,standard,zero,0,1,5,0,0,0,25,success,1,5,0,0,0,25,success,0.0,same
16,dense-20260718008967-41672fa0ef1b,dense,multi,3,0,4,1,0,0,10,collision,0,4,1,0,0,15,collision,0.902,same
17,dense-20260718008953-bfb89e8891bd,dense,multi,3,0,3,1,1,1,300,collision+timeout+unresolved,0,3,2,0,0,13,collision,0.694,same
18,dense-20260718009088-a8f337fee7e4,dense,multi,3,0,2,1,2,1,300,collision+timeout+unresolved,0,3,1,1,1,300,collision+timeout+unresolved,0.138,same
19,standard-20260717006609-53823205fb55,standard,edge1,1,1,5,0,0,0,23,success,1,5,0,0,0,38,success,0.261,same
20,standard-20260717006788-679e7ea561c4,standard,zero,0,0,4,0,1,1,300,timeout+unresolved,0,4,0,1,1,300,timeout+unresolved,0.0,same
21,dense-20260718008264-e379f756184b,dense,multi,3,1,5,0,0,0,41,success,1,5,0,0,0,53,success,0.451,same
22,standard-20260717006251-db22912ef43c,standard,zero,0,1,5,0,0,0,34,success,1,5,0,0,0,34,success,0.083,same
23,standard-20260717006980-d62c7937eb62,standard,zero,0,1,5,0,0,0,20,success,1,5,0,0,0,34,success,0.333,same
24,dense-20260718009056-e613f65f172c,dense,multi,3,1,5,0,0,0,32,success,1,5,0,0,0,26,success,0.576,same
25,standard-20260717006772-6425d6d34f84,standard,zero,0,1,5,0,0,0,13,success,1,5,0,0,0,15,success,0.212,same
26,standard-20260717007097-f43774958a19,standard,zero,0,1,5,0,0,0,29,success,1,5,0,0,0,36,success,0.647,same
27,dense-20260718008943-8b0c553cd8a2,dense,zero,0,1,5,0,0,0,13,success,1,5,0,0,0,42,success,0.628,same
28,standard-20260717006590-ec657dafcc0d,standard,edge1,1,0,4,1,0,0,20,collision,0,3,2,0,0,12,collision,0.457,same
29,standard-20260717007090-4502408f70d7,standard,zero,0,1,5,0,0,0,16,success,1,5,0,0,0,19,success,0.061,same
30,dense-20260718008387-83051dd35b1d,dense,multi,4,1,5,0,0,0,53,success,1,5,0,0,0,82,success,0.804,same
31,standard-20260717006327-ba8bcb5fe8d4,standard,zero,0,1,5,0,0,0,15,success,1,5,0,0,0,23,success,0.282,same
32,standard-20260717006715-080ebeacb67c,standard,zero,0,1,5,0,0,0,14,success,1,5,0,0,0,32,success,0.573,same
33,standard-20260717006578-e17b52b3017b,standard,zero,0,1,5,0,0,0,51,success,0,4,1,0,0,17,collision,0.111,oracle_degraded
34,dense-20260718008628-6f510cf9de34,dense,edge1,1,0,3,2,0,0,24,collision,1,5,0,0,0,54,success,0.473,oracle_improved
35,standard-20260717006579-34c5d8999685,standard,zero,0,1,5,0,0,0,29,success,1,5,0,0,0,25,success,0.237,same
36,dense-20260718009059-89dc85a91dfa,dense,multi,3,0,4,1,0,0,7,collision,0,4,1,0,0,9,collision,0.824,same
37,dense-20260718009269-a1cc3c274349,dense,multi,4,1,5,0,0,0,186,success,1,5,0,0,0,48,success,0.934,same
38,dense-20260718008520-c02550e21da9,dense,zero,0,1,5,0,0,0,14,success,1,5,0,0,0,29,success,0.804,same
39,standard-20260717006564-36f1982d1c77,standard,edge1,1,0,4,1,0,0,28,collision,1,5,0,0,0,94,success,0.201,oracle_improved
40,standard-20260717006834-87db8e51616f,standard,zero,0,1,5,0,0,0,13,success,1,5,0,0,0,8,success,0.0,same
41,standard-20260717006652-e69f7d0aadca,standard,zero,0,1,5,0,0,0,20,success,1,5,0,0,0,33,success,0.171,same
42,dense-20260718009026-2691c66d60ce,dense,multi,3,1,5,0,0,0,25,success,1,5,0,0,0,20,success,0.522,same
43,standard-20260717006969-7008a22b9526,standard,edge1,1,1,5,0,0,0,27,success,1,5,0,0,0,29,success,0.364,same
44,dense-20260718009006-9ad8097a40ac,dense,multi,4,1,5,0,0,0,28,success,0,3,1,1,1,300,collision+timeout+unresolved,0.198,oracle_degraded
45,standard-20260717006324-4ed8e4961ced,standard,zero,0,1,5,0,0,0,11,success,1,5,0,0,0,9,success,0.0,same
46,standard-20260717006440-3da760283004,standard,zero,0,1,5,0,0,0,21,success,1,5,0,0,0,15,success,0.167,same
47,dense-20260718008853-cd3061240ea3,dense,edge1,1,1,5,0,0,0,16,success,1,5,0,0,0,28,success,0.663,same
48,dense-20260718008373-f0de0a37adec,dense,multi,3,0,4,0,1,1,300,timeout+unresolved,1,5,0,0,0,75,success,0.686,oracle_improved
49,standard-20260717006996-8ade791269ee,standard,zero,0,1,5,0,0,0,11,success,1,5,0,0,0,15,success,0.057,same
50,dense-20260718008584-462d8fe08c02,dense,multi,3,0,3,2,0,0,17,collision,1,5,0,0,0,22,success,0.784,oracle_improved
51,standard-20260717006438-b50a7a5fde19,standard,zero,0,1,5,0,0,0,9,success,1,5,0,0,0,38,success,0.635,same
52,dense-20260718009100-d654906a6c5c,dense,multi,4,1,5,0,0,0,49,success,1,5,0,0,0,32,success,0.738,same
53,standard-20260717006828-c5520a68b10a,standard,zero,0,1,5,0,0,0,24,success,1,5,0,0,0,69,success,0.269,same
54,standard-20260717006945-7cb2063d0197,standard,multi,2,1,5,0,0,0,36,success,0,3,2,0,0,52,collision,0.234,oracle_degraded
55,dense-20260718009195-0fe728db2b70,dense,edge1,1,1,5,0,0,0,14,success,1,5,0,0,0,15,success,0.569,same
56,dense-20260718008844-6a4d4c9d3432,dense,edge1,1,1,5,0,0,0,13,success,1,5,0,0,0,17,success,0.866,same
57,standard-20260717006824-1d6bfde3696b,standard,multi,2,1,5,0,0,0,114,success,0,3,2,0,0,26,collision,0.405,oracle_degraded
58,dense-20260718008963-4a471efb701b,dense,multi,2,0,4,1,0,0,21,collision,0,3,2,0,0,10,collision,0.889,same
59,standard-20260717006887-be7f7f1a94d9,standard,zero,0,1,5,0,0,0,23,success,1,5,0,0,0,68,success,0.061,same
60,standard-20260717007088-033b1657f29f,standard,edge1,1,1,5,0,0,0,16,success,1,5,0,0,0,16,success,0.241,same
61,dense-20260718008269-a9e0091618d0,dense,zero,0,1,5,0,0,0,16,success,1,5,0,0,0,29,success,0.425,same
62,dense-20260718008619-8e9ef62ae0d0,dense,multi,3,0,4,1,0,0,34,collision,0,4,0,1,1,300,timeout+unresolved,0.295,same
63,dense-20260718008720-d970733fd730,dense,multi,5,0,3,2,0,0,17,collision,0,3,2,0,0,36,collision,0.849,same
64,dense-20260718008770-bb411710815f,dense,multi,3,1,5,0,0,0,62,success,1,5,0,0,0,60,success,0.407,same
65,dense-20260718008825-271a6cf36173,dense,edge1,1,1,5,0,0,0,41,success,1,5,0,0,0,38,success,0.459,same
66,dense-20260718009149-779b4acf72aa,dense,multi,3,1,5,0,0,0,69,success,1,5,0,0,0,31,success,0.727,same
67,standard-20260717006583-a45fa2d13895,standard,edge1,1,1,5,0,0,0,90,success,1,5,0,0,0,32,success,0.333,same
68,standard-20260717006517-ffa6d3b0fb1f,standard,edge1,1,1,5,0,0,0,22,success,1,5,0,0,0,15,success,0.216,same
69,standard-20260717006407-457651261137,standard,multi,2,1,5,0,0,0,85,success,0,4,1,0,0,103,collision,0.376,oracle_degraded
70,dense-20260718008303-8dc4b10f5951,dense,multi,2,0,4,1,0,0,24,collision,0,4,0,1,1,300,timeout+unresolved,0.172,same
71,dense-20260718008956-23b63793de30,dense,edge1,1,1,5,0,0,0,29,success,0,3,2,0,0,45,collision,0.722,oracle_degraded
72,dense-20260718008325-2a0732bcdbd8,dense,multi,3,0,4,1,0,0,19,collision,1,5,0,0,0,42,success,0.706,oracle_improved
73,dense-20260718009239-ef66bec842b1,dense,edge1,1,1,5,0,0,0,37,success,0,3,2,0,0,9,collision,0.794,oracle_degraded
74,standard-20260717006776-174c53dac4af,standard,edge1,1,0,3,2,0,0,21,collision,1,5,0,0,0,23,success,0.46,oracle_improved
75,standard-20260717006450-bbc6dcdd3309,standard,edge1,1,1,5,0,0,0,14,success,1,5,0,0,0,27,success,0.257,same
76,standard-20260717007030-b3cc3ab71657,standard,zero,0,1,5,0,0,0,14,success,1,5,0,0,0,15,success,0.0,same
77,dense-20260718008336-1a6505fe1192,dense,edge1,1,1,5,0,0,0,14,success,1,5,0,0,0,59,success,0.492,same
78,dense-20260718008318-e4a06e51d816,dense,edge1,1,1,5,0,0,0,13,success,1,5,0,0,0,38,success,0.881,same
79,standard-20260717006476-2aedf9d5a159,standard,edge1,1,1,5,0,0,0,51,success,0,3,2,0,0,27,collision,0.22,oracle_degraded
80,dense-20260718009333-38e4ac2b5b23,dense,multi,3,1,5,0,0,0,42,success,1,5,0,0,0,42,success,0.861,same
81,dense-20260718009349-6b75be3931d6,dense,multi,4,0,3,0,2,1,300,timeout+unresolved,1,5,0,0,0,90,success,0.581,oracle_improved
82,dense-20260718008523-e6500698fd1c,dense,edge1,1,0,3,2,0,0,27,collision,0,3,2,0,0,26,collision,0.713,same
83,standard-20260717006918-b0115f777111,standard,zero,0,1,5,0,0,0,44,success,1,5,0,0,0,13,success,0.474,same
84,dense-20260718008302-2d4972325616,dense,edge1,1,1,5,0,0,0,28,success,1,5,0,0,0,46,success,0.638,same
85,standard-20260717006588-2a31d14c758a,standard,edge1,1,1,5,0,0,0,24,success,1,5,0,0,0,19,success,0.255,same
86,standard-20260717006319-920c270e24f0,standard,multi,2,1,5,0,0,0,50,success,1,5,0,0,0,43,success,0.284,same
87,dense-20260718008564-5ea3f677f504,dense,multi,4,0,3,2,0,0,46,collision,0,3,2,0,0,115,collision,0.374,same
88,standard-20260717006618-dafb8f31a520,standard,edge1,1,1,5,0,0,0,14,success,1,5,0,0,0,10,success,0.4,same
89,standard-20260717006849-5c6668003fd6,standard,zero,0,1,5,0,0,0,18,success,1,5,0,0,0,31,success,0.333,same
90,standard-20260717006901-879b643b73d5,standard,zero,0,1,5,0,0,0,14,success,1,5,0,0,0,19,success,0.262,same
91,standard-20260717007028-c5c3f54193ac,standard,zero,0,1,5,0,0,0,13,success,1,5,0,0,0,16,success,0.327,same
92,dense-20260718008435-e3afbd232a85,dense,multi,2,1,5,0,0,0,13,success,1,5,0,0,0,51,success,0.433,same
93,dense-20260718009268-8e53efb84d71,dense,multi,4,0,4,1,0,0,30,collision,0,4,1,0,0,21,collision,0.79,same
94,standard-20260717007091-d7058f44f425,standard,edge1,1,0,4,1,0,0,43,collision,1,5,0,0,0,37,success,0.385,oracle_improved
95,standard-20260717006990-5175df243ede,standard,zero,0,1,5,0,0,0,14,success,1,5,0,0,0,14,success,0.0,same
96,standard-20260717006268-973363b26f5f,standard,zero,0,1,5,0,0,0,26,success,1,5,0,0,0,17,success,0.0,same
97,standard-20260717006586-853ab241751d,standard,edge1,1,1,5,0,0,0,19,success,0,3,2,0,0,11,collision,0.233,oracle_degraded
98,standard-20260717006351-be73ad5c10e9,standard,edge1,1,0,4,1,0,0,23,collision,0,3,2,0,0,11,collision,0.475,same
99,standard-20260717007073-ce3818a742ea,standard,edge1,1,1,5,0,0,0,22,success,1,5,0,0,0,23,success,0.364,same
100,dense-20260718008909-83df375df2b6,dense,multi,2,0,4,1,0,0,27,collision,0,1,4,0,0,20,collision,0.949,same
101,standard-20260717006392-20ca8cd04d5b,standard,zero,0,1,5,0,0,0,25,success,1,5,0,0,0,39,success,0.164,same
102,dense-20260718008776-adbe08f7a8c0,dense,edge1,1,0,3,2,0,0,12,collision,0,4,1,0,0,22,collision,0.808,same
103,dense-20260718009138-38a5a2eb225b,dense,zero,0,1,5,0,0,0,13,success,0,4,1,0,0,26,collision,0.712,oracle_degraded
104,dense-20260718009342-e413bb6628e2,dense,multi,5,1,5,0,0,0,31,success,0,2,3,0,0,120,collision,0.896,oracle_degraded
105,standard-20260717006984-13351d0e9eb0,standard,edge1,1,0,4,0,1,1,300,timeout+unresolved,0,4,0,1,1,300,timeout+unresolved,0.003,same
106,dense-20260718008613-0acc802c5c05,dense,multi,3,0,3,2,0,0,21,collision,0,2,1,2,1,300,collision+timeout+unresolved,0.902,same
107,dense-20260718009221-7718af59dbe6,dense,multi,3,1,5,0,0,0,18,success,1,5,0,0,0,20,success,0.712,same
108,dense-20260718009189-8cc89d4891ab,dense,multi,3,0,4,0,1,1,300,timeout+unresolved,0,4,0,1,1,300,timeout+unresolved,0.203,same
109,standard-20260717006622-fc55ea447a46,standard,zero,0,1,5,0,0,0,18,success,1,5,0,0,0,20,success,0.0,same
110,dense-20260718009254-8367057c68cc,dense,edge1,1,1,5,0,0,0,23,success,1,5,0,0,0,13,success,0.632,same
111,standard-20260717007060-41c216ee6e65,standard,zero,0,1,5,0,0,0,17,success,1,5,0,0,0,13,success,0.25,same
112,dense-20260718008662-8330d5ee213a,dense,multi,3,1,5,0,0,0,27,success,0,3,2,0,0,26,collision,0.466,oracle_degraded
113,dense-20260718009159-82c693204c0b,dense,multi,2,1,5,0,0,0,32,success,0,4,1,0,0,70,collision,0.389,oracle_degraded
114,standard-20260717006647-5ca039467bb6,standard,zero,0,1,5,0,0,0,23,success,1,5,0,0,0,40,success,0.082,same
115,dense-20260718008407-b29264fa5a20,dense,edge1,1,1,5,0,0,0,29,success,1,5,0,0,0,29,success,0.84,same
116,dense-20260718009161-f49c1bf982ff,dense,edge1,1,1,5,0,0,0,86,success,1,5,0,0,0,21,success,0.672,same
117,dense-20260718009317-db62e21fe167,dense,multi,3,0,2,3,0,0,100,collision,1,5,0,0,0,42,success,0.733,oracle_improved
118,standard-20260717006705-a17fa9c7c1f1,standard,zero,0,1,5,0,0,0,16,success,1,5,0,0,0,16,success,0.382,same
119,dense-20260718008225-9737b7426e4d,dense,edge1,1,1,5,0,0,0,27,success,1,5,0,0,0,19,success,0.887,same
120,standard-20260717007050-339a798a2931,standard,edge1,1,1,5,0,0,0,17,success,1,5,0,0,0,14,success,0.143,same
