scenario_id,pool,topology,conflict_edge_count,relation,old_full_success,old_collision,old_unresolved,old_timeout,old_steps,old_interaction_share,old_interaction_segments,old_mean_linear,old_mean_abs_angular,old_mean_progress,old_mean_nearest,old_high_speed_close_rate,old_negative_progress_rate,old_stagnant_rate,old_multi_local_rate,old_max_concurrent_interaction,ie2_full_success,ie2_collision,ie2_unresolved,ie2_timeout,ie2_steps,ie2_interaction_share,ie2_interaction_segments,ie2_mean_linear,ie2_mean_abs_angular,ie2_mean_progress,ie2_mean_nearest,ie2_high_speed_close_rate,ie2_negative_progress_rate,ie2_stagnant_rate,ie2_multi_local_rate,ie2_max_concurrent_interaction
standard-20260717006453-310e3af54445,standard,multi,2,tied,0,0,1,1,300,0.0,0,,,,,0.0,0.0,0.0,0.0,0,0,0,1,1,300,0.015625,1,0.16580724716186523,0.9532809654871622,0.006250701913594475,0.7926878815910727,0.0,0.0,0.8333333333333334,1.0,1
standard-20260717006345-2b0c77ef317e,standard,zero,0,ie2_degraded,1,0,0,0,12,0.0,0,,,,,0.0,0.0,0.0,0.0,0,0,1,0,0,39,0.0,0,,,,,0.0,0.0,0.0,0.0,0
standard-20260717006790-507cb8548e2c,standard,edge1,1,ie2_degraded,1,0,0,0,36,0.1,1,0.10559898316860199,0.9974368989467621,0.004526812274990499,0.6687903769978709,0.1,0.4,0.7,0.0,1,0,2,0,0,21,0.12162162162162163,1,0.12253530820210774,0.7426592722121212,0.004441437740971733,0.8666368928237955,0.1111111111111111,0.4444444444444444,0.6666666666666666,0.5555555555555556,1
dense-20260718008795-2e680ff01f87,dense,edge1,1,tied,1,0,0,0,15,0.0,0,,,,,0.0,0.0,0.0,0.0,0,1,0,0,0,59,0.02459016393442623,1,0.5921679635842642,0.9999998410542806,0.019217828674570708,,0.0,0.0,0.3333333333333333,0.0,1
dense-20260718008477-2166c0b8d4ec,dense,multi,3,tied,0,1,0,0,28,0.04597701149425287,1,0.2500138357281685,0.9412362426519394,0.00986321966733239,0.8653896449403233,0.25,0.0,0.75,1.0,1,0,2,0,0,35,0.0,0,,,,,0.0,0.0,0.0,0.0,0
dense-20260718008354-0aae7aa7c9b9,dense,edge1,1,tied,1,0,0,0,12,0.0,0,,,,,0.0,0.0,0.0,0.0,0,1,0,0,0,19,0.0,0,,,,,0.0,0.0,0.0,0.0,0
dense-20260718008705-222a322ea73f,dense,zero,0,tied,1,0,0,0,15,0.0,0,,,,,0.0,0.0,0.0,0.0,0,1,0,0,0,10,0.0,0,,,,,0.0,0.0,0.0,0.0,0
dense-20260718009166-dc896a5fcf95,dense,multi,3,tied,1,0,0,0,45,0.05102040816326531,1,0.021421265602111817,0.8759396851062775,0.004215236749043005,1.3561585880691809,0.0,0.0,0.6,0.0,1,1,0,0,0,62,0.1773049645390071,3,0.20316767394542695,0.9574491047859192,0.00044397686724586107,1.173744195393151,0.04,0.32,0.72,0.44,2
standard-20260717006400-c15e4131600a,standard,zero,0,tied,1,0,0,0,19,0.0,0,,,,,0.0,0.0,0.0,0.0,0,1,0,0,0,20,0.0,0,,,,,0.0,0.0,0.0,0.0,0
dense-20260718008307-2ccff3820805,dense,edge1,1,tied,1,0,0,0,45,0.03409090909090909,1,0.6666658719380697,1.0,0.029732278686719276,,0.0,0.0,0.0,0.0,1,1,0,0,0,18,0.0,0,,,,,0.0,0.0,0.0,0.0,0
standard-20260717006934-0ef2e94e6647,standard,zero,0,tied,1,0,0,0,24,0.0,0,,,,,0.0,0.0,0.0,0.0,0,1,0,0,0,10,0.0,0,,,,,0.0,0.0,0.0,0.0,0
dense-20260718008474-2820a4433a10,dense,edge1,1,tied,1,0,0,0,27,0.11666666666666667,1,0.030807111944471086,0.8003649285861424,0.004715386381346847,2.0928771826067156,0.0,0.5714285714285714,0.7142857142857143,0.2857142857142857,1,1,0,0,0,21,0.06521739130434782,1,0.6667706867059072,0.7412347396214803,0.03746247782932177,1.6539085256023884,0.3333333333333333,0.0,0.3333333333333333,0.6666666666666666,1
standard-20260717006248-8b56d502ce3d,standard,zero,0,tied,1,0,0,0,18,0.0,0,,,,,0.0,0.0,0.0,0.0,0,1,0,0,0,18,0.0,0,,,,,0.0,0.0,0.0,0.0,0
standard-20260717006584-f2f56bb080f5,standard,edge1,1,tied,1,0,0,0,21,0.0,0,,,,,0.0,0.0,0.0,0.0,0,1,0,0,0,24,0.05,1,0.32287532091140747,0.9624786178270975,0.011819511876470049,1.797393737653233,0.0,0.0,0.6666666666666666,0.0,1
standard-20260717006321-9ed7dce40aef,standard,zero,0,tied,1,0,0,0,22,0.0,0,,,,,0.0,0.0,0.0,0.0,0,1,0,0,0,18,0.0,0,,,,,0.0,0.0,0.0,0.0,0
dense-20260718008967-41672fa0ef1b,dense,multi,3,tied,0,1,0,0,10,0.0,0,,,,,0.0,0.0,0.0,0.0,0,0,2,0,0,10,0.0,0,,,,,0.0,0.0,0.0,0.0,0
dense-20260718008953-bfb89e8891bd,dense,multi,3,ie2_degraded,1,0,0,0,63,0.4772727272727273,4,0.032781512491286746,0.8843725766055286,0.002397356898868043,1.1702756799707157,0.0,0.3968253968253968,0.9206349206349206,0.23809523809523808,2,0,2,1,1,300,0.8363636363636363,14,0.0003002130466958751,0.7822903359740756,0.00016416073079620873,,0.0,0.44565217391304346,1.0,0.0,1
dense-20260718009088-a8f337fee7e4,dense,multi,3,tied,0,1,0,0,24,0.10526315789473684,1,0.1639036238193512,0.9608880778153738,0.007240401336274201,0.866348899077507,0.0,0.0,0.6666666666666666,0.16666666666666666,1,0,2,1,1,300,0.8387096774193549,27,0.010831140819936991,0.7600537865033122,-0.00019214479555428813,0.7851088750059584,0.0057692307692307696,0.5538461538461539,0.9884615384615385,0.4576923076923077,3
standard-20260717006609-53823205fb55,standard,edge1,1,tied,1,0,0,0,17,0.0,0,,,,,0.0,0.0,0.0,0.0,0,1,0,0,0,23,0.0,0,,,,,0.0,0.0,0.0,0.0,0
standard-20260717006788-679e7ea561c4,standard,zero,0,tied,0,0,1,1,300,0.0,0,,,,,0.0,0.0,0.0,0.0,0,0,0,1,1,300,0.0,0,,,,,0.0,0.0,0.0,0.0,0
dense-20260718008264-e379f756184b,dense,multi,3,ie2_degraded,1,0,0,0,42,0.08247422680412371,1,0.12433184310793877,0.9486528486013412,0.005680723669694715,1.0445214623697132,0.125,0.0,0.75,0.0,1,0,2,0,0,16,0.16,1,0.12768304720520973,0.6654508206993341,0.004145474760711143,1.2122184074658535,0.125,0.0,0.75,0.0,1
standard-20260717006251-db22912ef43c,standard,zero,0,ie2_degraded,1,0,0,0,41,0.0,0,,,,,0.0,0.0,0.0,0.0,0,0,1,0,0,19,0.05,1,0.5340855121612549,0.33117957164843875,0.02989364161466786,1.7244907761441,0.0,0.0,0.0,0.0,1
standard-20260717006980-d62c7937eb62,standard,zero,0,tied,1,0,0,0,18,0.0,0,,,,,0.0,0.0,0.0,0.0,0,1,0,0,0,19,0.0,0,,,,,0.0,0.0,0.0,0.0,0
dense-20260718009056-e613f65f172c,dense,multi,3,tied,1,0,0,0,25,0.0,0,,,,,0.0,0.0,0.0,0.0,0,1,0,0,0,37,0.2261904761904762,3,0.16273442851869682,0.7966829373648292,-0.0026907599183720525,1.614582561282167,0.0,0.42105263157894735,0.6842105263157895,0.10526315789473684,1
standard-20260717006772-6425d6d34f84,standard,zero,0,ie2_improved,0,1,0,0,12,0.0,0,,,,,0.0,0.0,0.0,0.0,0,1,0,0,0,15,0.0,0,,,,,0.0,0.0,0.0,0.0,0
standard-20260717007097-f43774958a19,standard,zero,0,tied,1,0,0,0,36,0.10227272727272728,1,4.61737314860026e-05,0.9345879289839003,-0.000494222135295794,1.6795974512981136,0.0,0.5555555555555556,1.0,0.0,1,1,0,0,0,29,0.0,0,,,,,0.0,0.0,0.0,0.0,0
dense-20260718008943-8b0c553cd8a2,dense,zero,0,tied,1,0,0,0,12,0.0,0,,,,,0.0,0.0,0.0,0.0,0,1,0,0,0,13,0.0,0,,,,,0.0,0.0,0.0,0.0,0
standard-20260717006590-ec657dafcc0d,standard,edge1,1,tied,0,1,0,0,11,0.0,0,,,,,0.0,0.0,0.0,0.0,0,0,1,0,0,25,0.0,0,,,,,0.0,0.0,0.0,0.0,0
standard-20260717007090-4502408f70d7,standard,zero,0,tied,1,0,0,0,19,0.0,0,,,,,0.0,0.0,0.0,0.0,0,1,0,0,0,15,0.0,0,,,,,0.0,0.0,0.0,0.0,0
dense-20260718008387-83051dd35b1d,dense,multi,4,tied,0,2,1,1,300,0.7840236686390533,14,3.0235187062677347e-05,0.9189323488130884,-0.00011730850219908884,,0.0,0.4981132075471698,0.9358490566037736,0.0,1,0,1,0,0,78,0.34965034965034963,3,0.016924687623977662,0.814815775603056,0.0013856191548429519,1.716772951319388,0.0,0.4,0.9,0.0,1
standard-20260717006327-ba8bcb5fe8d4,standard,zero,0,tied,1,0,0,0,13,0.0,0,,,,,0.0,0.0,0.0,0.0,0,1,0,0,0,54,0.06086956521739131,1,0.6278444943683488,1.0,-0.06169453994787386,,0.0,1.0,1.0,0.0,1
standard-20260717006715-080ebeacb67c,standard,zero,0,tied,1,0,0,0,13,0.0,0,,,,,0.0,0.0,0.0,0.0,0,1,0,0,0,16,0.0,0,,,,,0.0,0.0,0.0,0.0,0
standard-20260717006578-e17b52b3017b,standard,zero,0,tied,1,0,0,0,30,0.03896103896103896,1,0.9999985297520956,0.9999914964040121,0.09797403384875047,2.178772678594099,0.0,0.0,0.0,0.0,1,1,0,0,0,86,0.023622047244094488,1,0.017754087845484417,0.060105507572491966,0.003014818014734022,2.2397561129898977,0.0,0.0,0.3333333333333333,0.0,1
dense-20260718008628-6f510cf9de34,dense,edge1,1,ie2_improved,0,2,0,0,106,0.6681614349775785,9,0.008766127012720044,0.8780795492906899,-0.0003604698489591391,0.8091930882090986,0.006711409395973154,0.47651006711409394,0.9395973154362416,0.0,2,1,0,0,0,36,0.0,0,,,,,0.0,0.0,0.0,0.0,0
standard-20260717006579-34c5d8999685,standard,zero,0,tied,1,0,0,0,40,0.1326530612244898,1,0.07688122758498558,0.9976847997078528,-0.005448370204795409,4.649630106229124,0.0,0.9230769230769231,0.9230769230769231,0.0,1,1,0,0,0,33,0.0,0,,,,,0.0,0.0,0.0,0.0,0
dense-20260718009059-89dc85a91dfa,dense,multi,3,tied,0,2,0,0,7,0.0,0,,,,,0.0,0.0,0.0,0.0,0,0,2,0,0,14,0.0,0,,,,,0.0,0.0,0.0,0.0,0
dense-20260718009269-a1cc3c274349,dense,multi,4,ie2_degraded,1,0,0,0,32,0.12844036697247707,4,0.5778228172234127,0.9983374263559069,0.05272419632226156,1.0068342998465423,0.2857142857142857,0.2857142857142857,0.2857142857142857,1.0,2,0,1,0,0,24,0.03333333333333333,1,0.28076090415318805,0.6386188821246227,0.011774946222770458,0.8904089986445438,0.3333333333333333,0.3333333333333333,0.6666666666666666,1.0,1
dense-20260718008520-c02550e21da9,dense,zero,0,tied,1,0,0,0,17,0.05555555555555555,1,0.7574465138216814,0.9999994436899821,0.09658073661913512,,0.0,0.0,0.0,0.0,1,1,0,0,0,11,0.0,0,,,,,0.0,0.0,0.0,0.0,0
standard-20260717006564-36f1982d1c77,standard,edge1,1,tied,0,1,0,0,33,0.0,0,,,,,0.0,0.0,0.0,0.0,0,0,1,1,1,300,0.0,0,,,,,0.0,0.0,0.0,0.0,0
standard-20260717006834-87db8e51616f,standard,zero,0,tied,1,0,0,0,15,0.0,0,,,,,0.0,0.0,0.0,0.0,0,1,0,0,0,13,0.0,0,,,,,0.0,0.0,0.0,0.0,0
standard-20260717006652-e69f7d0aadca,standard,zero,0,tied,1,0,0,0,24,0.0,0,,,,,0.0,0.0,0.0,0.0,0,1,0,0,0,14,0.0,0,,,,,0.0,0.0,0.0,0.0,0
dense-20260718009026-2691c66d60ce,dense,multi,3,tied,1,0,0,0,28,0.0821917808219178,2,0.2472189540664355,0.9912442167599996,0.022825937417276527,0.7399477214062379,0.0,0.16666666666666666,0.3333333333333333,0.8333333333333334,1,1,0,0,0,24,0.046875,1,0.3566035528977712,0.7710627118746439,0.015088517928286397,0.6969021562817775,0.3333333333333333,0.0,0.3333333333333333,1.0,1
standard-20260717006969-7008a22b9526,standard,edge1,1,tied,1,0,0,0,22,0.0,0,,,,,0.0,0.0,0.0,0.0,0,1,0,0,0,29,0.0,0,,,,,0.0,0.0,0.0,0.0,0
dense-20260718009006-9ad8097a40ac,dense,multi,4,ie2_degraded,1,0,0,0,116,0.25136612021857924,5,0.07972147056589955,0.9671199613291285,0.004555887217481397,1.3546343774994456,0.0,0.32608695652173914,0.8478260869565217,0.08695652173913043,2,0,1,0,0,23,0.07792207792207792,2,0.3262644757827123,0.7193909088770548,0.02107422671426651,1.3941829147148666,0.16666666666666666,0.0,0.5,0.5,1
standard-20260717006324-4ed8e4961ced,standard,zero,0,tied,1,0,0,0,9,0.0,0,,,,,0.0,0.0,0.0,0.0,0,1,0,0,0,10,0.0,0,,,,,0.0,0.0,0.0,0.0,0
standard-20260717006440-3da760283004,standard,zero,0,tied,1,0,0,0,13,0.0,0,,,,,0.0,0.0,0.0,0.0,0,1,0,0,0,14,0.0,0,,,,,0.0,0.0,0.0,0.0,0
dense-20260718008853-cd3061240ea3,dense,edge1,1,tied,1,0,0,0,12,0.0,0,,,,,0.0,0.0,0.0,0.0,0,1,0,0,0,17,0.0,0,,,,,0.0,0.0,0.0,0.0,0
dense-20260718008373-f0de0a37adec,dense,multi,3,ie2_degraded,1,0,0,0,31,0.043478260869565216,1,0.7866656283537546,0.9974592526753744,0.0661045659390908,,0.0,0.0,0.0,0.0,1,0,1,0,0,21,0.0,0,,,,,0.0,0.0,0.0,0.0,0
standard-20260717006996-8ade791269ee,standard,zero,0,tied,1,0,0,0,9,0.0,0,,,,,0.0,0.0,0.0,0.0,0,1,0,0,0,10,0.0,0,,,,,0.0,0.0,0.0,0.0,0
dense-20260718008584-462d8fe08c02,dense,multi,3,tied,1,0,0,0,27,0.0,0,,,,,0.0,0.0,0.0,0.0,0,1,0,0,0,25,0.038461538461538464,1,0.08969111243883769,0.5812249879042307,0.012096263384506237,1.0172787710595992,0.0,0.3333333333333333,0.3333333333333333,1.0,1
standard-20260717006438-b50a7a5fde19,standard,zero,0,tied,1,0,0,0,14,0.0,0,,,,,0.0,0.0,0.0,0.0,0,1,0,0,0,12,0.0,0,,,,,0.0,0.0,0.0,0.0,0
dense-20260718009100-d654906a6c5c,dense,multi,4,ie2_degraded,1,0,0,0,30,0.07766990291262135,2,0.43725890418863855,0.867123443633318,0.035430662925622025,1.2722037489181035,0.0,0.5,0.5,0.625,2,0,1,0,0,35,0.0,0,,,,,0.0,0.0,0.0,0.0,0
standard-20260717006828-c5520a68b10a,standard,zero,0,tied,1,0,0,0,38,0.03333333333333333,1,0.9998705486456553,0.9981696009635925,0.07222007597205853,1.7331676167668741,0.0,0.0,0.0,0.0,1,1,0,0,0,22,0.0,0,,,,,0.0,0.0,0.0,0.0,0
standard-20260717006945-7cb2063d0197,standard,multi,2,tied,1,0,0,0,32,0.026785714285714284,1,0.9605865875879923,0.9882959922154745,0.07793744453057272,0.7382686555590776,0.3333333333333333,0.0,0.0,0.3333333333333333,1,1,0,0,0,30,0.05217391304347826,2,0.4975394109884898,0.9800103108088175,0.03145260990857943,2.2277368516099294,0.16666666666666666,0.0,0.16666666666666666,0.5,1
dense-20260718009195-0fe728db2b70,dense,edge1,1,tied,1,0,0,0,24,0.057971014492753624,1,0.25043879449367523,0.9922856837511063,0.012577134543320795,0.831411964901377,0.25,0.25,0.5,0.0,1,1,0,0,0,19,0.0,0,,,,,0.0,0.0,0.0,0.0,0
dense-20260718008844-6a4d4c9d3432,dense,edge1,1,tied,1,0,0,0,21,0.0,0,,,,,0.0,0.0,0.0,0.0,0,1,0,0,0,11,0.0,0,,,,,0.0,0.0,0.0,0.0,0
standard-20260717006824-1d6bfde3696b,standard,multi,2,tied,1,0,0,0,31,0.0,0,,,,,0.0,0.0,0.0,0.0,0,1,0,0,0,86,0.20714285714285716,4,0.40646185725927353,0.9642624855041504,-0.011898800672105631,1.1734159699497941,0.0,0.6206896551724138,0.8275862068965517,0.1724137931034483,1
dense-20260718008963-4a471efb701b,dense,multi,2,tied,1,0,0,0,16,0.0,0,,,,,0.0,0.0,0.0,0.0,0,1,0,0,0,23,0.0,0,,,,,0.0,0.0,0.0,0.0,0
standard-20260717006887-be7f7f1a94d9,standard,zero,0,tied,1,0,0,0,21,0.0,0,,,,,0.0,0.0,0.0,0.0,0,1,0,0,0,21,0.0,0,,,,,0.0,0.0,0.0,0.0,0
standard-20260717007088-033b1657f29f,standard,edge1,1,tied,1,0,0,0,20,0.0,0,,,,,0.0,0.0,0.0,0.0,0,1,0,0,0,25,0.0,0,,,,,0.0,0.0,0.0,0.0,0
dense-20260718008269-a9e0091618d0,dense,zero,0,tied,1,0,0,0,24,0.0,0,,,,,0.0,0.0,0.0,0.0,0,1,0,0,0,12,0.0,0,,,,,0.0,0.0,0.0,0.0,0
dense-20260718008619-8e9ef62ae0d0,dense,multi,3,tied,1,0,0,0,47,0.23129251700680273,4,0.17838350201354308,0.9396108844700981,0.010541507338859543,1.091155257276599,0.14705882352941177,0.3235294117647059,0.6470588235294118,0.5882352941176471,2,1,0,0,0,49,0.3150684931506849,4,0.19857333859671716,0.8937006455886624,-0.008567912676027172,0.8863702287657113,0.021739130434782608,0.5652173913043478,0.8913043478260869,0.2391304347826087,2
dense-20260718008720-d970733fd730,dense,multi,5,tied,1,0,0,0,31,0.05194805194805195,1,0.4999922141432762,0.9851674735546112,0.007256705478540626,0.6893740646931364,0.25,0.5,0.5,0.75,1,1,0,0,0,34,0.06097560975609756,1,0.1562353104352951,0.8947829127311706,0.007037873393867411,0.6992744850169583,0.2,0.6,0.6,0.4,1
dense-20260718008770-bb411710815f,dense,multi,3,tied,0,2,0,0,10,0.0,0,,,,,0.0,0.0,0.0,0.0,0,0,2,0,0,10,0.0,0,,,,,0.0,0.0,0.0,0.0,0
dense-20260718008825-271a6cf36173,dense,edge1,1,tied,1,0,0,0,45,0.21686746987951808,2,0.10837754276063707,0.9999829630057017,-0.002690337491694191,,0.0,0.6666666666666666,0.8888888888888888,0.0,1,1,0,0,0,38,0.24615384615384617,1,0.31322822719812393,1.0,-0.013113176127543327,,0.0,0.6875,0.875,0.0,1
dense-20260718009149-779b4acf72aa,dense,multi,3,ie2_degraded,1,0,0,0,34,0.033707865168539325,1,0.6955828666687012,0.9999896287918091,0.05656774548019361,1.3976594373545133,0.0,0.0,0.0,1.0,1,0,0,1,1,300,0.766016713091922,15,0.0036187274415384637,0.7782266808737238,0.00042030523367430337,0.839809673724154,0.0,0.509090909090909,0.8981818181818182,0.025454545454545455,1
standard-20260717006583-a45fa2d13895,standard,edge1,1,tied,1,0,0,0,31,0.04285714285714286,1,0.6722559134165446,0.9996186892191569,0.028160245791161238,3.062311900968494,0.0,0.0,0.3333333333333333,0.0,1,1,0,0,0,26,0.04477611940298507,1,0.5117252077907324,0.9450717369715372,0.04403066575629788,3.170118401586404,0.3333333333333333,0.0,0.0,0.0,1
standard-20260717006517-ffa6d3b0fb1f,standard,edge1,1,tied,1,0,0,0,18,0.0,0,,,,,0.0,0.0,0.0,0.0,0,1,0,0,0,17,0.0,0,,,,,0.0,0.0,0.0,0.0,0
standard-20260717006407-457651261137,standard,multi,2,ie2_degraded,1,0,0,0,71,0.1875,2,0.04296646142999331,0.8270164603988329,0.0007432679964073005,1.1812428384238178,0.0,0.6666666666666666,0.9166666666666666,0.08333333333333333,1,0,1,0,0,33,0.04878048780487805,1,0.26379091292619705,0.9904561787843704,0.009819015316379354,1.4018959638060142,0.0,0.5,0.5,0.25,1
dense-20260718008303-8dc4b10f5951,dense,multi,2,tied,0,1,0,0,18,0.03389830508474576,1,8.344650268554688e-06,1.0,0.0007826430391338901,0.6479679722750438,0.0,0.5,1.0,1.0,1,0,2,0,0,12,0.0,0,,,,,0.0,0.0,0.0,0.0,0
dense-20260718008956-23b63793de30,dense,edge1,1,tied,1,0,0,0,19,0.046875,1,0.3355860809485118,0.628021682302157,0.013091630380908473,1.820461671332529,0.0,0.0,0.3333333333333333,0.3333333333333333,1,1,0,0,0,47,0.15447154471544716,2,0.2505649065500812,0.9321961849927902,-0.008917760439584903,0.8516957232368841,0.0,0.42105263157894735,0.7368421052631579,0.2631578947368421,1
dense-20260718008325-2a0732bcdbd8,dense,multi,3,tied,1,0,0,0,69,0.038834951456310676,1,0.26657286286354065,1.0,0.01471399813409996,0.9642160081356983,0.0,0.0,0.25,0.0,1,1,0,0,0,29,0.11428571428571428,2,0.24168932810425758,0.766387864947319,0.009487213534218115,0.8532575774131674,0.125,0.25,0.625,0.0,1
dense-20260718009239-ef66bec842b1,dense,edge1,1,ie2_improved,0,1,0,0,9,0.0,0,,,,,0.0,0.0,0.0,0.0,0,1,0,0,0,35,0.13432835820895522,1,0.11132712496651544,0.7751088218970431,0.0029945331935363998,,0.0,0.0,0.8888888888888888,0.0,1
standard-20260717006776-174c53dac4af,standard,edge1,1,tied,1,0,0,0,22,0.04,1,0.01567460099856059,0.99613356590271,0.004437017221853227,0.8307506591671299,0.0,0.0,0.0,0.0,1,1,0,0,0,22,0.0379746835443038,1,0.6669370532035828,0.7854657471179962,0.05820794622384018,0.8250076101861439,0.3333333333333333,0.0,0.3333333333333333,0.0,1
standard-20260717006450-bbc6dcdd3309,standard,edge1,1,tied,1,0,0,0,13,0.0,0,,,,,0.0,0.0,0.0,0.0,0,1,0,0,0,21,0.0,0,,,,,0.0,0.0,0.0,0.0,0
standard-20260717007030-b3cc3ab71657,standard,zero,0,tied,1,0,0,0,16,0.0,0,,,,,0.0,0.0,0.0,0.0,0,1,0,0,0,13,0.0,0,,,,,0.0,0.0,0.0,0.0,0
dense-20260718008336-1a6505fe1192,dense,edge1,1,tied,1,0,0,0,14,0.0,0,,,,,0.0,0.0,0.0,0.0,0,1,0,0,0,14,0.0,0,,,,,0.0,0.0,0.0,0.0,0
dense-20260718008318-e4a06e51d816,dense,edge1,1,tied,1,0,0,0,19,0.0,0,,,,,0.0,0.0,0.0,0.0,0,1,0,0,0,99,0.19548872180451127,3,0.34274314974363035,1.0,-0.006435793061024536,,0.0,0.6538461538461539,0.7307692307692307,0.0,1
standard-20260717006476-2aedf9d5a159,standard,edge1,1,ie2_improved,0,1,0,0,13,0.0,0,,,,,0.0,0.0,0.0,0.0,0,1,0,0,0,35,0.0,0,,,,,0.0,0.0,0.0,0.0,0
dense-20260718009333-38e4ac2b5b23,dense,multi,3,tied,0,3,0,0,258,0.8235294117647058,26,0.0074907629327340556,0.9196805490656591,0.00018205167690561746,0.7120306522853713,0.006493506493506494,0.5692640692640693,0.9653679653679653,0.07792207792207792,3,0,2,1,1,300,0.7309941520467836,19,0.0403341276049614,0.6383470094515942,0.0008052695792690315,0.8684530142457477,0.008,0.352,0.876,0.04,3
dense-20260718009349-6b75be3931d6,dense,multi,4,tied,0,1,0,0,58,0.2978723404255319,2,0.03569388389587402,0.9028832305754934,0.0011778344852822714,,0.0,0.42857142857142855,0.9285714285714286,0.0,1,0,0,1,1,300,0.7532467532467533,16,0.0066156809170056004,0.8067808901682367,-3.029861135409193e-05,1.0989672504547368,0.0,0.5344827586206896,0.9724137931034482,0.05862068965517241,2
dense-20260718008523-e6500698fd1c,dense,edge1,1,ie2_improved,0,2,0,0,23,0.0,0,,,,,0.0,0.0,0.0,0.0,0,1,0,0,0,61,0.3006535947712418,5,0.28775963260103826,0.9481949757622636,4.701104802780776e-05,0.9805134669455385,0.0,0.5,0.8478260869565217,0.41304347826086957,2
standard-20260717006918-b0115f777111,standard,zero,0,tied,1,0,0,0,53,0.0,0,,,,,0.0,0.0,0.0,0.0,0,1,0,0,0,45,0.1111111111111111,2,0.1445645961910486,1.0,0.0012408461753496192,4.845292120611301,0.0,0.2,0.7,0.0,1
dense-20260718008302-2d4972325616,dense,edge1,1,tied,0,1,0,0,9,0.0,0,,,,,0.0,0.0,0.0,0.0,0,0,2,0,0,10,0.0,0,,,,,0.0,0.0,0.0,0.0,0
standard-20260717006588-2a31d14c758a,standard,edge1,1,tied,1,0,0,0,33,0.24193548387096775,1,0.01213008960088094,0.8865915546814601,0.0005708017866160412,,0.0,0.4,0.9333333333333333,0.0,1,1,0,0,0,13,0.0,0,,,,,0.0,0.0,0.0,0.0,0
standard-20260717006319-920c270e24f0,standard,multi,2,tied,1,0,0,0,18,0.0,0,,,,,0.0,0.0,0.0,0.0,0,1,0,0,0,25,0.0,0,,,,,0.0,0.0,0.0,0.0,0
dense-20260718008564-5ea3f677f504,dense,multi,4,tied,0,2,0,0,19,0.0,0,,,,,0.0,0.0,0.0,0.0,0,0,1,0,0,25,0.0410958904109589,1,0.5367982015013695,0.5790472030639648,0.01254827198615116,,0.0,0.0,0.0,0.0,1
standard-20260717006618-dafb8f31a520,standard,edge1,1,ie2_improved,0,1,0,0,28,0.0,0,,,,,0.0,0.0,0.0,0.0,0,1,0,0,0,16,0.0,0,,,,,0.0,0.0,0.0,0.0,0
standard-20260717006849-5c6668003fd6,standard,zero,0,tied,1,0,0,0,17,0.0,0,,,,,0.0,0.0,0.0,0.0,0,1,0,0,0,17,0.0,0,,,,,0.0,0.0,0.0,0.0,0
standard-20260717006901-879b643b73d5,standard,zero,0,tied,1,0,0,0,16,0.0,0,,,,,0.0,0.0,0.0,0.0,0,1,0,0,0,15,0.0,0,,,,,0.0,0.0,0.0,0.0,0
standard-20260717007028-c5c3f54193ac,standard,zero,0,tied,1,0,0,0,8,0.0,0,,,,,0.0,0.0,0.0,0.0,0,1,0,0,0,11,0.0,0,,,,,0.0,0.0,0.0,0.0,0
dense-20260718008435-e3afbd232a85,dense,multi,2,tied,1,0,0,0,17,0.0,0,,,,,0.0,0.0,0.0,0.0,0,1,0,0,0,11,0.0,0,,,,,0.0,0.0,0.0,0.0,0
dense-20260718009268-8e53efb84d71,dense,multi,4,tied,0,1,0,0,23,0.04,1,0.6666660408178965,0.9999164938926697,0.055699563585544766,,0.0,0.0,0.3333333333333333,1.0,1,0,1,0,0,24,0.0,0,,,,,0.0,0.0,0.0,0.0,0
standard-20260717007091-d7058f44f425,standard,edge1,1,tied,1,0,0,0,71,0.18699186991869918,2,0.08857753743296085,0.9999999844509623,-0.0008996832335732949,0.8355783196420966,0.0,0.5652173913043478,0.8260869565217391,0.0,1,1,0,0,0,42,0.11235955056179775,1,0.7509535387158394,0.9965557396411896,-0.004921569234815704,,0.0,0.7,0.7,0.0,1
standard-20260717006990-5175df243ede,standard,zero,0,tied,1,0,0,0,15,0.0,0,,,,,0.0,0.0,0.0,0.0,0,1,0,0,0,12,0.0,0,,,,,0.0,0.0,0.0,0.0,0
standard-20260717006268-973363b26f5f,standard,zero,0,tied,1,0,0,0,18,0.0,0,,,,,0.0,0.0,0.0,0.0,0,1,0,0,0,21,0.0,0,,,,,0.0,0.0,0.0,0.0,0
standard-20260717006586-853ab241751d,standard,edge1,1,tied,1,0,0,0,24,0.06493506493506493,1,0.20033081769943237,0.9990948915481568,0.008606910137261881,0.7028444686487421,0.0,0.4,0.6,0.4,1,1,0,0,0,22,0.0,0,,,,,0.0,0.0,0.0,0.0,0
standard-20260717006351-be73ad5c10e9,standard,edge1,1,ie2_degraded,1,0,0,0,19,0.0,0,,,,,0.0,0.0,0.0,0.0,0,0,2,0,0,16,0.0,0,,,,,0.0,0.0,0.0,0.0,0
standard-20260717007073-ce3818a742ea,standard,edge1,1,tied,1,0,0,0,25,0.04054054054054054,1,0.6354253590106964,0.9349668025970459,0.03154887629363431,2.0959561538640794,0.0,0.3333333333333333,0.3333333333333333,0.0,1,1,0,0,0,21,0.0,0,,,,,0.0,0.0,0.0,0.0,0
dense-20260718008909-83df375df2b6,dense,multi,2,tied,1,0,0,0,31,0.0,0,,,,,0.0,0.0,0.0,0.0,0,1,0,0,0,35,0.11764705882352941,2,0.1276365950703621,0.7595496952533722,0.004728159065100046,0.7838462779197402,0.2,0.3,0.8,0.0,2
standard-20260717006392-20ca8cd04d5b,standard,zero,0,tied,1,0,0,0,12,0.0,0,,,,,0.0,0.0,0.0,0.0,0,1,0,0,0,17,0.0,0,,,,,0.0,0.0,0.0,0.0,0
dense-20260718008776-adbe08f7a8c0,dense,edge1,1,tied,1,0,0,0,34,0.26865671641791045,1,0.05627888275517358,0.9195752930310037,0.002448176932647138,,0.0,0.5,0.8333333333333334,0.0,1,1,0,0,0,26,0.09836065573770492,1,0.1865770866473516,0.883656899134318,0.004092843666347064,1.0897741056402115,0.0,0.16666666666666666,0.6666666666666666,0.0,1
dense-20260718009138-38a5a2eb225b,dense,zero,0,tied,1,0,0,0,32,0.125,1,0.0004958845674991608,0.9999999850988388,-0.015562806168140333,,0.0,0.625,1.0,0.0,1,1,0,0,0,11,0.0,0,,,,,0.0,0.0,0.0,0.0,0
dense-20260718009342-e413bb6628e2,dense,multi,5,tied,0,2,1,1,300,0.8111332007952287,21,0.006174768485567149,0.8576359001237114,0.00017808181184318569,1.6607048642674236,0.004901960784313725,0.46078431372549017,0.9950980392156863,0.15196078431372548,3,0,2,0,0,104,0.36666666666666664,8,0.036185684529217804,0.5909254837791774,0.0015054520552276348,0.7457894364457662,0.020202020202020204,0.3939393939393939,0.898989898989899,0.5050505050505051,4
standard-20260717006984-13351d0e9eb0,standard,edge1,1,tied,0,0,1,1,300,0.0,0,,,,,0.0,0.0,0.0,0.0,0,0,0,1,1,300,0.0,0,,,,,0.0,0.0,0.0,0.0,0
dense-20260718008613-0acc802c5c05,dense,multi,3,tied,0,2,0,0,14,0.0,0,,,,,0.0,0.0,0.0,0.0,0,0,2,0,0,22,0.05263157894736842,1,0.25836411863565445,0.7371975556015968,0.009260093185841922,0.8415946189493468,0.25,0.0,0.5,0.5,1
dense-20260718009221-7718af59dbe6,dense,multi,3,tied,1,0,0,0,16,0.0,0,,,,,0.0,0.0,0.0,0.0,0,1,0,0,0,17,0.05,1,0.29083818818132084,0.7240212659041086,0.038907158006885524,0.9747629158365676,0.0,0.0,0.0,1.0,1
dense-20260718009189-8cc89d4891ab,dense,multi,3,ie2_improved,0,1,0,0,65,0.3191489361702128,3,0.1442927916844686,0.790272135225435,0.005784899269647233,,0.0,0.5,0.7666666666666667,0.0,1,1,0,0,0,33,0.0,0,,,,,0.0,0.0,0.0,0.0,0
standard-20260717006622-fc55ea447a46,standard,zero,0,tied,1,0,0,0,17,0.0,0,,,,,0.0,0.0,0.0,0.0,0,1,0,0,0,25,0.0,0,,,,,0.0,0.0,0.0,0.0,0
dense-20260718009254-8367057c68cc,dense,edge1,1,tied,1,0,0,0,24,0.0,0,,,,,0.0,0.0,0.0,0.0,0,1,0,0,0,22,0.0,0,,,,,0.0,0.0,0.0,0.0,0
standard-20260717007060-41c216ee6e65,standard,zero,0,tied,1,0,0,0,16,0.0,0,,,,,0.0,0.0,0.0,0.0,0,1,0,0,0,13,0.0,0,,,,,0.0,0.0,0.0,0.0,0
dense-20260718008662-8330d5ee213a,dense,multi,3,tied,1,0,0,0,24,0.0,0,,,,,0.0,0.0,0.0,0.0,0,1,0,0,0,23,0.0,0,,,,,0.0,0.0,0.0,0.0,0
dense-20260718009159-82c693204c0b,dense,multi,2,ie2_improved,0,0,1,1,300,0.7873563218390804,16,0.014142294543502975,0.9295347690052034,0.0005178438278427004,2.1580588781237644,0.0,0.551094890510949,0.9525547445255474,0.0072992700729927005,2,1,0,0,0,26,0.09090909090909091,2,0.12914935848675668,0.7504117824137211,0.00768607886037459,1.5758337165067913,0.0,0.0,0.625,0.25,1
standard-20260717006647-5ca039467bb6,standard,zero,0,tied,1,0,0,0,41,0.09433962264150944,1,0.001923602819442749,0.9224787697196006,0.0006860065354164114,3.1751522144846662,0.0,0.3,0.9,0.0,1,1,0,0,0,16,0.0,0,,,,,0.0,0.0,0.0,0.0,0
dense-20260718008407-b29264fa5a20,dense,edge1,1,tied,1,0,0,0,29,0.0,0,,,,,0.0,0.0,0.0,0.0,0,1,0,0,0,30,0.04285714285714286,1,0.06475900610287984,0.22305864840745926,0.008720044939365179,1.2934364674395944,0.0,0.0,0.0,0.0,1
dense-20260718009161-f49c1bf982ff,dense,edge1,1,tied,1,0,0,0,19,0.0,0,,,,,0.0,0.0,0.0,0.0,0,1,0,0,0,51,0.17391304347826086,1,0.40006606793031096,1.0,-0.011626535839736232,,0.0,0.6875,0.875,0.0,1
dense-20260718009317-db62e21fe167,dense,multi,3,ie2_degraded,1,0,0,0,26,0.04285714285714286,1,0.6141659617424011,0.9267654220263163,0.04088820994918052,1.05134718959172,0.3333333333333333,0.3333333333333333,0.3333333333333333,0.6666666666666666,1,0,2,0,0,26,0.0,0,,,,,0.0,0.0,0.0,0.0,0
standard-20260717006705-a17fa9c7c1f1,standard,zero,0,tied,1,0,0,0,18,0.0,0,,,,,0.0,0.0,0.0,0.0,0,1,0,0,0,17,0.0,0,,,,,0.0,0.0,0.0,0.0,0
dense-20260718008225-9737b7426e4d,dense,edge1,1,tied,1,0,0,0,16,0.0,0,,,,,0.0,0.0,0.0,0.0,0,1,0,0,0,12,0.0,0,,,,,0.0,0.0,0.0,0.0,0
standard-20260717007050-339a798a2931,standard,edge1,1,tied,1,0,0,0,16,0.0,0,,,,,0.0,0.0,0.0,0.0,0,1,0,0,0,20,0.0,0,,,,,0.0,0.0,0.0,0.0,0
