scenario_id,pool,topology,conflict_edge_count,relation,old_full_success,old_collision,old_unresolved,old_timeout,old_steps,old_interaction_share,old_interaction_segments,old_mean_linear,old_mean_abs_angular,old_mean_progress,old_mean_nearest,old_high_speed_close_rate,old_negative_progress_rate,old_stagnant_rate,old_multi_local_rate,old_max_concurrent_interaction,ie2_full_success,ie2_collision,ie2_unresolved,ie2_timeout,ie2_steps,ie2_interaction_share,ie2_interaction_segments,ie2_mean_linear,ie2_mean_abs_angular,ie2_mean_progress,ie2_mean_nearest,ie2_high_speed_close_rate,ie2_negative_progress_rate,ie2_stagnant_rate,ie2_multi_local_rate,ie2_max_concurrent_interaction
standard-20260717006453-310e3af54445,standard,multi,2,tied,0,0,1,1,300,0.015625,1,0.16580724716186523,0.9532809654871622,0.006250701913594475,0.7926878815910727,0.0,0.0,0.8333333333333334,1.0,1,0,0,1,1,300,0.0,0,,,,,0.0,0.0,0.0,0.0,0
standard-20260717006345-2b0c77ef317e,standard,zero,0,ie2_improved,0,1,0,0,39,0.0,0,,,,,0.0,0.0,0.0,0.0,0,1,0,0,0,13,0.0,0,,,,,0.0,0.0,0.0,0.0,0
standard-20260717006790-507cb8548e2c,standard,edge1,1,tied,0,2,0,0,21,0.12162162162162163,1,0.12253530820210774,0.7426592722121212,0.004441437740971733,0.8666368928237955,0.1111111111111111,0.4444444444444444,0.6666666666666666,0.5555555555555556,1,0,1,0,0,29,0.0,0,,,,,0.0,0.0,0.0,0.0,0
dense-20260718008795-2e680ff01f87,dense,edge1,1,tied,1,0,0,0,59,0.02459016393442623,1,0.5921679635842642,0.9999998410542806,0.019217828674570708,,0.0,0.0,0.3333333333333333,0.0,1,1,0,0,0,40,0.05434782608695652,1,0.5739134073257446,1.0,0.006408079368045105,,0.0,0.4,0.4,0.0,1
dense-20260718008477-2166c0b8d4ec,dense,multi,3,tied,0,2,0,0,35,0.0,0,,,,,0.0,0.0,0.0,0.0,0,0,2,0,0,63,0.4368932038834951,4,0.09572541357742416,0.7643156985441844,0.0007035772368974064,,0.0,0.4444444444444444,0.8222222222222222,0.0,1
dense-20260718008354-0aae7aa7c9b9,dense,edge1,1,tied,1,0,0,0,19,0.0,0,,,,,0.0,0.0,0.0,0.0,0,1,0,0,0,19,0.0,0,,,,,0.0,0.0,0.0,0.0,0
dense-20260718008705-222a322ea73f,dense,zero,0,tied,1,0,0,0,10,0.0,0,,,,,0.0,0.0,0.0,0.0,0,1,0,0,0,13,0.0,0,,,,,0.0,0.0,0.0,0.0,0
dense-20260718009166-dc896a5fcf95,dense,multi,3,tied,1,0,0,0,62,0.1773049645390071,3,0.20316767394542695,0.9574491047859192,0.00044397686724586107,1.173744195393151,0.04,0.32,0.72,0.44,2,1,0,0,0,42,0.12643678160919541,2,0.2312097278508273,0.9029287858442827,0.003930886538731562,1.602692569269897,0.0,0.36363636363636365,0.5454545454545454,0.0,1
standard-20260717006400-c15e4131600a,standard,zero,0,tied,1,0,0,0,20,0.0,0,,,,,0.0,0.0,0.0,0.0,0,1,0,0,0,28,0.0,0,,,,,0.0,0.0,0.0,0.0,0
dense-20260718008307-2ccff3820805,dense,edge1,1,tied,1,0,0,0,18,0.0,0,,,,,0.0,0.0,0.0,0.0,0,1,0,0,0,25,0.046875,1,0.3595167398452759,0.9422542055447897,0.017235527362800502,1.7509349855557588,0.0,0.0,0.0,0.0,1
standard-20260717006934-0ef2e94e6647,standard,zero,0,tied,1,0,0,0,10,0.0,0,,,,,0.0,0.0,0.0,0.0,0,1,0,0,0,40,0.0,0,,,,,0.0,0.0,0.0,0.0,0
dense-20260718008474-2820a4433a10,dense,edge1,1,tied,1,0,0,0,21,0.06521739130434782,1,0.6667706867059072,0.7412347396214803,0.03746247782932177,1.6539085256023884,0.3333333333333333,0.0,0.3333333333333333,0.6666666666666666,1,1,0,0,0,23,0.058823529411764705,1,0.05798150102297465,0.7129415969053904,0.00760860985050497,1.167331069027627,0.0,0.3333333333333333,0.6666666666666666,0.6666666666666666,1
standard-20260717006248-8b56d502ce3d,standard,zero,0,tied,1,0,0,0,18,0.0,0,,,,,0.0,0.0,0.0,0.0,0,1,0,0,0,16,0.0,0,,,,,0.0,0.0,0.0,0.0,0
standard-20260717006584-f2f56bb080f5,standard,edge1,1,tied,1,0,0,0,24,0.05,1,0.32287532091140747,0.9624786178270975,0.011819511876470049,1.797393737653233,0.0,0.0,0.6666666666666666,0.0,1,1,0,0,0,18,0.0,0,,,,,0.0,0.0,0.0,0.0,0
standard-20260717006321-9ed7dce40aef,standard,zero,0,tied,1,0,0,0,18,0.0,0,,,,,0.0,0.0,0.0,0.0,0,1,0,0,0,21,0.0,0,,,,,0.0,0.0,0.0,0.0,0
dense-20260718008967-41672fa0ef1b,dense,multi,3,tied,0,2,0,0,10,0.0,0,,,,,0.0,0.0,0.0,0.0,0,0,2,0,0,10,0.0,0,,,,,0.0,0.0,0.0,0.0,0
dense-20260718008953-bfb89e8891bd,dense,multi,3,tied,0,2,1,1,300,0.8363636363636363,14,0.0003002130466958751,0.7822903359740756,0.00016416073079620873,,0.0,0.44565217391304346,1.0,0.0,1,0,0,2,1,300,0.8903225806451613,28,0.009968955987605495,0.5467009294079617,0.00011615039033581927,0.8379725361114327,0.005434782608695652,0.4746376811594203,0.980072463768116,0.0,2
dense-20260718009088-a8f337fee7e4,dense,multi,3,ie2_improved,0,2,1,1,300,0.8387096774193549,27,0.010831140819936991,0.7600537865033122,-0.00019214479555428813,0.7851088750059584,0.0057692307692307696,0.5538461538461539,0.9884615384615385,0.4576923076923077,3,1,0,0,0,82,0.48535564853556484,13,0.12355145981438972,0.7479064168793887,0.004408294438891698,0.8415514123239649,0.08620689655172414,0.47413793103448276,0.8017241379310345,0.9913793103448276,3
standard-20260717006609-53823205fb55,standard,edge1,1,tied,1,0,0,0,23,0.0,0,,,,,0.0,0.0,0.0,0.0,0,1,0,0,0,26,0.0,0,,,,,0.0,0.0,0.0,0.0,0
standard-20260717006788-679e7ea561c4,standard,zero,0,tied,0,0,1,1,300,0.0,0,,,,,0.0,0.0,0.0,0.0,0,0,0,1,1,300,0.0,0,,,,,0.0,0.0,0.0,0.0,0
dense-20260718008264-e379f756184b,dense,multi,3,tied,0,2,0,0,16,0.16,1,0.12768304720520973,0.6654508206993341,0.004145474760711143,1.2122184074658535,0.125,0.0,0.75,0.0,1,0,0,1,1,300,0.8171091445427728,14,0.00011932021444024592,0.6782036676417889,0.00010255598391624267,0.8771308593618635,0.0,0.5595667870036101,0.9891696750902527,0.0,1
standard-20260717006251-db22912ef43c,standard,zero,0,ie2_improved,0,1,0,0,19,0.05,1,0.5340855121612549,0.33117957164843875,0.02989364161466786,1.7244907761441,0.0,0.0,0.0,0.0,1,1,0,0,0,32,0.046153846153846156,1,0.34322277704874676,0.43343596657117206,0.012489930244521238,1.920746855387975,0.0,0.0,0.3333333333333333,0.0,1
standard-20260717006980-d62c7937eb62,standard,zero,0,tied,1,0,0,0,19,0.0,0,,,,,0.0,0.0,0.0,0.0,0,1,0,0,0,18,0.0,0,,,,,0.0,0.0,0.0,0.0,0
dense-20260718009056-e613f65f172c,dense,multi,3,tied,1,0,0,0,37,0.2261904761904762,3,0.16273442851869682,0.7966829373648292,-0.0026907599183720525,1.614582561282167,0.0,0.42105263157894735,0.6842105263157895,0.10526315789473684,1,1,0,0,0,28,0.047619047619047616,1,0.6536814570426941,0.6756361325581869,0.04319649141010218,1.210108215078273,0.0,0.3333333333333333,0.3333333333333333,0.0,1
standard-20260717006772-6425d6d34f84,standard,zero,0,tied,1,0,0,0,15,0.0,0,,,,,0.0,0.0,0.0,0.0,0,1,0,0,0,16,0.0,0,,,,,0.0,0.0,0.0,0.0,0
standard-20260717007097-f43774958a19,standard,zero,0,tied,1,0,0,0,29,0.0,0,,,,,0.0,0.0,0.0,0.0,0,1,0,0,0,30,0.03571428571428571,1,0.33389395475387573,0.7855908572673798,0.016603073267501506,1.4717466829526542,0.0,0.0,0.0,0.0,1
dense-20260718008943-8b0c553cd8a2,dense,zero,0,tied,1,0,0,0,13,0.0,0,,,,,0.0,0.0,0.0,0.0,0,1,0,0,0,11,0.0,0,,,,,0.0,0.0,0.0,0.0,0
standard-20260717006590-ec657dafcc0d,standard,edge1,1,tied,0,1,0,0,25,0.0,0,,,,,0.0,0.0,0.0,0.0,0,0,0,1,1,300,0.8253012048192772,14,0.0008718112524408494,0.448694075940408,-9.223571599582966e-05,,0.0,0.5766423357664233,0.9963503649635036,0.0,1
standard-20260717007090-4502408f70d7,standard,zero,0,tied,1,0,0,0,15,0.0,0,,,,,0.0,0.0,0.0,0.0,0,1,0,0,0,23,0.0,0,,,,,0.0,0.0,0.0,0.0,0
dense-20260718008387-83051dd35b1d,dense,multi,4,tied,0,1,0,0,78,0.34965034965034963,3,0.016924687623977662,0.814815775603056,0.0013856191548429519,1.716772951319388,0.0,0.4,0.9,0.0,1,0,2,0,0,32,0.04285714285714286,1,0.06689000129699707,0.7376880447069804,0.009378660450683288,,0.0,0.0,0.0,0.0,1
standard-20260717006327-ba8bcb5fe8d4,standard,zero,0,tied,1,0,0,0,54,0.06086956521739131,1,0.6278444943683488,1.0,-0.06169453994787386,,0.0,1.0,1.0,0.0,1,1,0,0,0,14,0.0,0,,,,,0.0,0.0,0.0,0.0,0
standard-20260717006715-080ebeacb67c,standard,zero,0,tied,1,0,0,0,16,0.0,0,,,,,0.0,0.0,0.0,0.0,0,1,0,0,0,14,0.0,0,,,,,0.0,0.0,0.0,0.0,0
standard-20260717006578-e17b52b3017b,standard,zero,0,tied,1,0,0,0,86,0.023622047244094488,1,0.017754087845484417,0.060105507572491966,0.003014818014734022,2.2397561129898977,0.0,0.0,0.3333333333333333,0.0,1,1,0,0,0,41,0.029411764705882353,1,0.1581021547317505,0.22083411614100137,0.022484693847319843,2.2303119665896856,0.0,0.0,0.0,0.0,1
dense-20260718008628-6f510cf9de34,dense,edge1,1,ie2_degraded,1,0,0,0,36,0.0,0,,,,,0.0,0.0,0.0,0.0,0,0,1,0,0,31,0.12790697674418605,2,0.23427317630160938,0.7408196946436708,0.016522366059418328,0.702190336812916,0.2727272727272727,0.36363636363636365,0.6363636363636364,0.0,1
standard-20260717006579-34c5d8999685,standard,zero,0,tied,1,0,0,0,33,0.0,0,,,,,0.0,0.0,0.0,0.0,0,1,0,0,0,47,0.10638297872340426,2,0.33021704852581024,0.9999917685985565,-0.019238120821505666,4.607817557167296,0.0,0.6,0.7,0.0,1
dense-20260718009059-89dc85a91dfa,dense,multi,3,tied,0,2,0,0,14,0.0,0,,,,,0.0,0.0,0.0,0.0,0,0,1,0,0,95,0.4327485380116959,9,0.28847159175957376,0.9219628007629433,-0.011159654243836414,1.154088886296627,0.013513513513513514,0.527027027027027,0.7567567567567568,0.0,2
dense-20260718009269-a1cc3c274349,dense,multi,4,ie2_improved,0,1,0,0,24,0.03333333333333333,1,0.28076090415318805,0.6386188821246227,0.011774946222770458,0.8904089986445438,0.3333333333333333,0.3333333333333333,0.6666666666666666,1.0,1,1,0,0,0,32,0.10743801652892562,4,0.15597195694079766,0.8807266446260306,0.014586143132562483,0.9950324763636075,0.15384615384615385,0.3076923076923077,0.38461538461538464,0.7692307692307693,2
dense-20260718008520-c02550e21da9,dense,zero,0,tied,1,0,0,0,11,0.0,0,,,,,0.0,0.0,0.0,0.0,0,1,0,0,0,20,0.0,0,,,,,0.0,0.0,0.0,0.0,0
standard-20260717006564-36f1982d1c77,standard,edge1,1,tied,0,1,1,1,300,0.0,0,,,,,0.0,0.0,0.0,0.0,0,0,3,0,0,68,0.26717557251908397,4,0.22713708978678498,0.9152152614934104,-0.025542180085614284,,0.0,0.6857142857142857,0.9142857142857143,0.0,1
standard-20260717006834-87db8e51616f,standard,zero,0,tied,1,0,0,0,13,0.0,0,,,,,0.0,0.0,0.0,0.0,0,1,0,0,0,19,0.0,0,,,,,0.0,0.0,0.0,0.0,0
standard-20260717006652-e69f7d0aadca,standard,zero,0,tied,1,0,0,0,14,0.0,0,,,,,0.0,0.0,0.0,0.0,0,1,0,0,0,21,0.0,0,,,,,0.0,0.0,0.0,0.0,0
dense-20260718009026-2691c66d60ce,dense,multi,3,ie2_degraded,1,0,0,0,24,0.046875,1,0.3566035528977712,0.7710627118746439,0.015088517928286397,0.6969021562817775,0.3333333333333333,0.0,0.3333333333333333,1.0,1,0,1,0,0,14,0.058823529411764705,1,0.3194812734921773,0.9119447072347006,0.04305046900995609,0.7598223259469318,0.3333333333333333,0.0,0.0,1.0,1
standard-20260717006969-7008a22b9526,standard,edge1,1,ie2_degraded,1,0,0,0,29,0.0,0,,,,,0.0,0.0,0.0,0.0,0,0,1,0,0,24,0.0,0,,,,,0.0,0.0,0.0,0.0,0
dense-20260718009006-9ad8097a40ac,dense,multi,4,tied,0,1,0,0,23,0.07792207792207792,2,0.3262644757827123,0.7193909088770548,0.02107422671426651,1.3941829147148666,0.16666666666666666,0.0,0.5,0.5,1,0,1,0,0,26,0.0759493670886076,2,0.66817740102609,0.9469006955623627,0.06117580879239034,0.6773685781936942,0.16666666666666666,0.16666666666666666,0.16666666666666666,0.5,1
standard-20260717006324-4ed8e4961ced,standard,zero,0,tied,1,0,0,0,10,0.0,0,,,,,0.0,0.0,0.0,0.0,0,1,0,0,0,11,0.0,0,,,,,0.0,0.0,0.0,0.0,0
standard-20260717006440-3da760283004,standard,zero,0,tied,1,0,0,0,14,0.0,0,,,,,0.0,0.0,0.0,0.0,0,1,0,0,0,13,0.0,0,,,,,0.0,0.0,0.0,0.0,0
dense-20260718008853-cd3061240ea3,dense,edge1,1,tied,1,0,0,0,17,0.0,0,,,,,0.0,0.0,0.0,0.0,0,1,0,0,0,18,0.0,0,,,,,0.0,0.0,0.0,0.0,0
dense-20260718008373-f0de0a37adec,dense,multi,3,tied,0,1,0,0,21,0.0,0,,,,,0.0,0.0,0.0,0.0,0,0,0,1,1,300,0.09668508287292818,3,0.003915975775037493,0.1864566088221701,0.0006581929076075688,0.8997168278294756,0.0,0.34285714285714286,0.9142857142857143,0.0,1
standard-20260717006996-8ade791269ee,standard,zero,0,tied,1,0,0,0,10,0.0,0,,,,,0.0,0.0,0.0,0.0,0,1,0,0,0,11,0.0,0,,,,,0.0,0.0,0.0,0.0,0
dense-20260718008584-462d8fe08c02,dense,multi,3,ie2_degraded,1,0,0,0,25,0.038461538461538464,1,0.08969111243883769,0.5812249879042307,0.012096263384506237,1.0172787710595992,0.0,0.3333333333333333,0.3333333333333333,1.0,1,0,1,0,0,20,0.046153846153846156,1,0.32441772023836773,0.636119415362676,0.028500279398899875,0.8164840223738766,0.3333333333333333,0.0,0.0,1.0,1
standard-20260717006438-b50a7a5fde19,standard,zero,0,tied,1,0,0,0,12,0.0,0,,,,,0.0,0.0,0.0,0.0,0,1,0,0,0,13,0.0,0,,,,,0.0,0.0,0.0,0.0,0
dense-20260718009100-d654906a6c5c,dense,multi,4,tied,0,1,0,0,35,0.0,0,,,,,0.0,0.0,0.0,0.0,0,0,2,1,1,300,0.6470588235294118,17,0.011074095080963707,0.8724760759912666,0.0007817261950550533,0.9099188172859919,0.0,0.4901185770750988,0.9090909090909091,0.0,1
standard-20260717006828-c5520a68b10a,standard,zero,0,tied,1,0,0,0,22,0.0,0,,,,,0.0,0.0,0.0,0.0,0,1,0,0,0,25,0.0,0,,,,,0.0,0.0,0.0,0.0,0
standard-20260717006945-7cb2063d0197,standard,multi,2,tied,1,0,0,0,30,0.05217391304347826,2,0.4975394109884898,0.9800103108088175,0.03145260990857943,2.2277368516099294,0.16666666666666666,0.0,0.16666666666666666,0.5,1,1,0,0,0,33,0.031914893617021274,1,0.20346583550175032,0.5820857832829157,0.019791913533201273,0.8350190428163652,0.0,0.0,0.3333333333333333,0.6666666666666666,1
dense-20260718009195-0fe728db2b70,dense,edge1,1,tied,1,0,0,0,19,0.0,0,,,,,0.0,0.0,0.0,0.0,0,1,0,0,0,16,0.0625,1,0.45987064639727276,0.4223799792428811,0.03724872262719418,0.7244357080139954,0.0,0.0,0.3333333333333333,0.0,1
dense-20260718008844-6a4d4c9d3432,dense,edge1,1,tied,1,0,0,0,11,0.0,0,,,,,0.0,0.0,0.0,0.0,0,1,0,0,0,17,0.0,0,,,,,0.0,0.0,0.0,0.0,0
standard-20260717006824-1d6bfde3696b,standard,multi,2,tied,1,0,0,0,86,0.20714285714285716,4,0.40646185725927353,0.9642624855041504,-0.011898800672105631,1.1734159699497941,0.0,0.6206896551724138,0.8275862068965517,0.1724137931034483,1,1,0,0,0,20,0.0,0,,,,,0.0,0.0,0.0,0.0,0
dense-20260718008963-4a471efb701b,dense,multi,2,tied,1,0,0,0,23,0.0,0,,,,,0.0,0.0,0.0,0.0,0,1,0,0,0,32,0.04838709677419355,1,0.3184674282868703,0.7182212422291437,0.009792496643100371,,0.0,0.6666666666666666,0.6666666666666666,0.0,1
standard-20260717006887-be7f7f1a94d9,standard,zero,0,tied,1,0,0,0,21,0.0,0,,,,,0.0,0.0,0.0,0.0,0,1,0,0,0,26,0.0,0,,,,,0.0,0.0,0.0,0.0,0
standard-20260717007088-033b1657f29f,standard,edge1,1,tied,1,0,0,0,25,0.0,0,,,,,0.0,0.0,0.0,0.0,0,1,0,0,0,16,0.0,0,,,,,0.0,0.0,0.0,0.0,0
dense-20260718008269-a9e0091618d0,dense,zero,0,tied,1,0,0,0,12,0.0,0,,,,,0.0,0.0,0.0,0.0,0,1,0,0,0,12,0.0,0,,,,,0.0,0.0,0.0,0.0,0
dense-20260718008619-8e9ef62ae0d0,dense,multi,3,ie2_degraded,1,0,0,0,49,0.3150684931506849,4,0.19857333859671716,0.8937006455886624,-0.008567912676027172,0.8863702287657113,0.021739130434782608,0.5652173913043478,0.8913043478260869,0.2391304347826087,2,0,2,0,0,22,0.0,0,,,,,0.0,0.0,0.0,0.0,0
dense-20260718008720-d970733fd730,dense,multi,5,ie2_degraded,1,0,0,0,34,0.06097560975609756,1,0.1562353104352951,0.8947829127311706,0.007037873393867411,0.6992744850169583,0.2,0.6,0.6,0.4,1,0,1,0,0,18,0.03508771929824561,1,0.003291010856628418,0.9854610562324524,-0.00027545905858750164,0.6530015085007403,0.0,0.5,1.0,1.0,1
dense-20260718008770-bb411710815f,dense,multi,3,tied,0,2,0,0,10,0.0,0,,,,,0.0,0.0,0.0,0.0,0,0,2,0,0,14,0.0,0,,,,,0.0,0.0,0.0,0.0,0
dense-20260718008825-271a6cf36173,dense,edge1,1,tied,1,0,0,0,38,0.24615384615384617,1,0.31322822719812393,1.0,-0.013113176127543327,,0.0,0.6875,0.875,0.0,1,1,0,0,0,39,0.23943661971830985,1,0.28381475806236267,1.0,-0.004612940380233514,,0.0,0.47058823529411764,0.8235294117647058,0.0,1
dense-20260718009149-779b4acf72aa,dense,multi,3,tied,0,0,1,1,300,0.766016713091922,15,0.0036187274415384637,0.7782266808737238,0.00042030523367430337,0.839809673724154,0.0,0.509090909090909,0.8981818181818182,0.025454545454545455,1,0,3,0,0,34,0.1388888888888889,3,0.4750337675213814,0.7233135610818863,0.010925504247075946,0.7143879820093518,0.1,0.1,0.3,0.0,1
standard-20260717006583-a45fa2d13895,standard,edge1,1,ie2_degraded,1,0,0,0,26,0.04477611940298507,1,0.5117252077907324,0.9450717369715372,0.04403066575629788,3.170118401586404,0.3333333333333333,0.0,0.0,0.0,1,0,1,0,0,30,0.04225352112676056,1,0.3129154443740845,0.8572207887967428,0.015175300830876518,0.6338193395486643,0.0,0.0,0.3333333333333333,0.0,1
standard-20260717006517-ffa6d3b0fb1f,standard,edge1,1,tied,1,0,0,0,17,0.0,0,,,,,0.0,0.0,0.0,0.0,0,1,0,0,0,19,0.0,0,,,,,0.0,0.0,0.0,0.0,0
standard-20260717006407-457651261137,standard,multi,2,tied,0,1,0,0,33,0.04878048780487805,1,0.26379091292619705,0.9904561787843704,0.009819015316379354,1.4018959638060142,0.0,0.5,0.5,0.25,1,0,1,0,0,26,0.05194805194805195,1,0.04674778878688812,0.3821547720581293,0.007529160333124951,1.0353650017107587,0.0,0.0,0.0,1.0,1
dense-20260718008303-8dc4b10f5951,dense,multi,2,tied,0,2,0,0,12,0.0,0,,,,,0.0,0.0,0.0,0.0,0,0,2,0,0,45,0.0375,1,0.9998766581217448,1.0,-0.11009107414813861,,0.0,1.0,1.0,0.0,1
dense-20260718008956-23b63793de30,dense,edge1,1,tied,1,0,0,0,47,0.15447154471544716,2,0.2505649065500812,0.9321961849927902,-0.008917760439584903,0.8516957232368841,0.0,0.42105263157894735,0.7368421052631579,0.2631578947368421,1,1,0,0,0,17,0.0,0,,,,,0.0,0.0,0.0,0.0,0
dense-20260718008325-2a0732bcdbd8,dense,multi,3,tied,1,0,0,0,29,0.11428571428571428,2,0.24168932810425758,0.766387864947319,0.009487213534218115,0.8532575774131674,0.125,0.25,0.625,0.0,1,1,0,0,0,43,0.23711340206185566,2,0.2281856990378836,0.9822420477867126,-0.01856620634716086,0.7535231521034462,0.13043478260869565,0.7391304347826086,0.9130434782608695,0.30434782608695654,2
dense-20260718009239-ef66bec842b1,dense,edge1,1,ie2_degraded,1,0,0,0,35,0.13432835820895522,1,0.11132712496651544,0.7751088218970431,0.0029945331935363998,,0.0,0.0,0.8888888888888888,0.0,1,0,2,0,0,11,0.0,0,,,,,0.0,0.0,0.0,0.0,0
standard-20260717006776-174c53dac4af,standard,edge1,1,tied,1,0,0,0,22,0.0379746835443038,1,0.6669370532035828,0.7854657471179962,0.05820794622384018,0.8250076101861439,0.3333333333333333,0.0,0.3333333333333333,0.0,1,1,0,0,0,22,0.0375,1,0.7056784629821777,0.9994300802548727,0.035648593415503825,0.7961323564631785,0.3333333333333333,0.0,0.0,0.0,1
standard-20260717006450-bbc6dcdd3309,standard,edge1,1,tied,1,0,0,0,21,0.0,0,,,,,0.0,0.0,0.0,0.0,0,1,0,0,0,17,0.0,0,,,,,0.0,0.0,0.0,0.0,0
standard-20260717007030-b3cc3ab71657,standard,zero,0,tied,1,0,0,0,13,0.0,0,,,,,0.0,0.0,0.0,0.0,0,1,0,0,0,15,0.0,0,,,,,0.0,0.0,0.0,0.0,0
dense-20260718008336-1a6505fe1192,dense,edge1,1,tied,1,0,0,0,14,0.0,0,,,,,0.0,0.0,0.0,0.0,0,1,0,0,0,13,0.0,0,,,,,0.0,0.0,0.0,0.0,0
dense-20260718008318-e4a06e51d816,dense,edge1,1,tied,1,0,0,0,99,0.19548872180451127,3,0.34274314974363035,1.0,-0.006435793061024536,,0.0,0.6538461538461539,0.7307692307692307,0.0,1,1,0,0,0,18,0.0,0,,,,,0.0,0.0,0.0,0.0,0
standard-20260717006476-2aedf9d5a159,standard,edge1,1,tied,1,0,0,0,35,0.0,0,,,,,0.0,0.0,0.0,0.0,0,1,0,0,0,15,0.0,0,,,,,0.0,0.0,0.0,0.0,0
dense-20260718009333-38e4ac2b5b23,dense,multi,3,tied,0,2,1,1,300,0.7309941520467836,19,0.0403341276049614,0.6383470094515942,0.0008052695792690315,0.8684530142457477,0.008,0.352,0.876,0.04,3,0,2,0,0,66,0.22772277227722773,6,0.3357717854821164,0.8025061915750089,0.012225442646706455,0.983941435139452,0.043478260869565216,0.08695652173913043,0.30434782608695654,0.08695652173913043,1
dense-20260718009349-6b75be3931d6,dense,multi,4,tied,0,0,1,1,300,0.7532467532467533,16,0.0066156809170056004,0.8067808901682367,-3.029861135409193e-05,1.0989672504547368,0.0,0.5344827586206896,0.9724137931034482,0.05862068965517241,2,0,2,1,1,300,0.78,15,0.0002495346270201407,0.7637806836815871,-0.00028188621841306055,1.0001384467100844,0.0,0.663003663003663,0.989010989010989,0.02564102564102564,1
dense-20260718008523-e6500698fd1c,dense,edge1,1,tied,1,0,0,0,61,0.3006535947712418,5,0.28775963260103826,0.9481949757622636,4.701104802780776e-05,0.9805134669455385,0.0,0.5,0.8478260869565217,0.41304347826086957,2,1,0,0,0,63,0.31875,6,0.09749685388569738,0.8194694746943081,0.0023656281212896,0.7110898728280463,0.0196078431372549,0.43137254901960786,0.7450980392156863,0.23529411764705882,2
standard-20260717006918-b0115f777111,standard,zero,0,tied,1,0,0,0,45,0.1111111111111111,2,0.1445645961910486,1.0,0.0012408461753496192,4.845292120611301,0.0,0.2,0.7,0.0,1,1,0,0,0,17,0.0,0,,,,,0.0,0.0,0.0,0.0,0
dense-20260718008302-2d4972325616,dense,edge1,1,tied,0,2,0,0,10,0.0,0,,,,,0.0,0.0,0.0,0.0,0,0,1,0,0,10,0.0,0,,,,,0.0,0.0,0.0,0.0,0
standard-20260717006588-2a31d14c758a,standard,edge1,1,tied,1,0,0,0,13,0.0,0,,,,,0.0,0.0,0.0,0.0,0,1,0,0,0,12,0.0,0,,,,,0.0,0.0,0.0,0.0,0
standard-20260717006319-920c270e24f0,standard,multi,2,tied,1,0,0,0,25,0.0,0,,,,,0.0,0.0,0.0,0.0,0,1,0,0,0,23,0.0,0,,,,,0.0,0.0,0.0,0.0,0
dense-20260718008564-5ea3f677f504,dense,multi,4,ie2_improved,0,1,0,0,25,0.0410958904109589,1,0.5367982015013695,0.5790472030639648,0.01254827198615116,,0.0,0.0,0.0,0.0,1,1,0,0,0,20,0.039473684210526314,1,0.28593043486277264,0.8564038475354513,0.029598667287194697,0.7693957754767246,0.3333333333333333,0.0,0.3333333333333333,1.0,1
standard-20260717006618-dafb8f31a520,standard,edge1,1,ie2_degraded,1,0,0,0,16,0.0,0,,,,,0.0,0.0,0.0,0.0,0,0,1,0,0,10,0.0,0,,,,,0.0,0.0,0.0,0.0,0
standard-20260717006849-5c6668003fd6,standard,zero,0,tied,1,0,0,0,17,0.0,0,,,,,0.0,0.0,0.0,0.0,0,1,0,0,0,40,0.13157894736842105,1,0.0037189185619354247,0.9999996542930603,-0.008108095635454438,,0.0,0.5,1.0,0.0,1
standard-20260717006901-879b643b73d5,standard,zero,0,tied,1,0,0,0,15,0.0,0,,,,,0.0,0.0,0.0,0.0,0,1,0,0,0,15,0.0,0,,,,,0.0,0.0,0.0,0.0,0
standard-20260717007028-c5c3f54193ac,standard,zero,0,tied,1,0,0,0,11,0.0,0,,,,,0.0,0.0,0.0,0.0,0,1,0,0,0,9,0.0,0,,,,,0.0,0.0,0.0,0.0,0
dense-20260718008435-e3afbd232a85,dense,multi,2,tied,1,0,0,0,11,0.0,0,,,,,0.0,0.0,0.0,0.0,0,1,0,0,0,14,0.0,0,,,,,0.0,0.0,0.0,0.0,0
dense-20260718009268-8e53efb84d71,dense,multi,4,ie2_improved,0,1,0,0,24,0.0,0,,,,,0.0,0.0,0.0,0.0,0,1,0,0,0,74,0.23776223776223776,5,0.08048673850648544,0.3934138751698329,0.00821888299287406,1.1116787580820813,0.0,0.029411764705882353,0.7058823529411765,0.0,1
standard-20260717007091-d7058f44f425,standard,edge1,1,ie2_degraded,1,0,0,0,42,0.11235955056179775,1,0.7509535387158394,0.9965557396411896,-0.004921569234815704,,0.0,0.7,0.7,0.0,1,0,2,0,0,19,0.029411764705882353,1,0.9995987266302109,0.9846696555614471,0.026394183451442843,0.5247041821792001,1.0,0.0,0.0,1.0,1
standard-20260717006990-5175df243ede,standard,zero,0,tied,1,0,0,0,12,0.0,0,,,,,0.0,0.0,0.0,0.0,0,1,0,0,0,17,0.0,0,,,,,0.0,0.0,0.0,0.0,0
standard-20260717006268-973363b26f5f,standard,zero,0,tied,1,0,0,0,21,0.0,0,,,,,0.0,0.0,0.0,0.0,0,1,0,0,0,23,0.0,0,,,,,0.0,0.0,0.0,0.0,0
standard-20260717006586-853ab241751d,standard,edge1,1,ie2_degraded,1,0,0,0,22,0.0,0,,,,,0.0,0.0,0.0,0.0,0,0,1,0,0,23,0.0,0,,,,,0.0,0.0,0.0,0.0,0
standard-20260717006351-be73ad5c10e9,standard,edge1,1,ie2_improved,0,2,0,0,16,0.0,0,,,,,0.0,0.0,0.0,0.0,0,1,0,0,0,14,0.0,0,,,,,0.0,0.0,0.0,0.0,0
standard-20260717007073-ce3818a742ea,standard,edge1,1,tied,1,0,0,0,21,0.0,0,,,,,0.0,0.0,0.0,0.0,0,1,0,0,0,23,0.04,1,0.618161549170812,0.6668174614508947,0.07276592749087836,2.9032065027996956,0.3333333333333333,0.0,0.0,0.0,1
dense-20260718008909-83df375df2b6,dense,multi,2,ie2_degraded,1,0,0,0,35,0.11764705882352941,2,0.1276365950703621,0.7595496952533722,0.004728159065100046,0.7838462779197402,0.2,0.3,0.8,0.0,2,0,1,0,0,10,0.0,0,,,,,0.0,0.0,0.0,0.0,0
standard-20260717006392-20ca8cd04d5b,standard,zero,0,tied,1,0,0,0,17,0.0,0,,,,,0.0,0.0,0.0,0.0,0,1,0,0,0,16,0.0,0,,,,,0.0,0.0,0.0,0.0,0
dense-20260718008776-adbe08f7a8c0,dense,edge1,1,tied,1,0,0,0,26,0.09836065573770492,1,0.1865770866473516,0.883656899134318,0.004092843666347064,1.0897741056402115,0.0,0.16666666666666666,0.6666666666666666,0.0,1,1,0,0,0,16,0.0,0,,,,,0.0,0.0,0.0,0.0,0
dense-20260718009138-38a5a2eb225b,dense,zero,0,tied,1,0,0,0,11,0.0,0,,,,,0.0,0.0,0.0,0.0,0,1,0,0,0,13,0.0,0,,,,,0.0,0.0,0.0,0.0,0
dense-20260718009342-e413bb6628e2,dense,multi,5,ie2_improved,0,2,0,0,104,0.36666666666666664,8,0.036185684529217804,0.5909254837791774,0.0015054520552276348,0.7457894364457662,0.020202020202020204,0.3939393939393939,0.898989898989899,0.5050505050505051,4,1,0,0,0,44,0.11504424778761062,4,0.5092666263763721,0.8574286928543677,0.030845077251850483,1.5970728987053648,0.07692307692307693,0.0,0.3076923076923077,0.46153846153846156,2
standard-20260717006984-13351d0e9eb0,standard,edge1,1,tied,0,0,1,1,300,0.0,0,,,,,0.0,0.0,0.0,0.0,0,0,0,1,1,300,0.0,0,,,,,0.0,0.0,0.0,0.0,0
dense-20260718008613-0acc802c5c05,dense,multi,3,tied,0,2,0,0,22,0.05263157894736842,1,0.25836411863565445,0.7371975556015968,0.009260093185841922,0.8415946189493468,0.25,0.0,0.5,0.5,1,0,1,0,0,20,0.0,0,,,,,0.0,0.0,0.0,0.0,0
dense-20260718009221-7718af59dbe6,dense,multi,3,tied,1,0,0,0,17,0.05,1,0.29083818818132084,0.7240212659041086,0.038907158006885524,0.9747629158365676,0.0,0.0,0.0,1.0,1,1,0,0,0,19,0.0,0,,,,,0.0,0.0,0.0,0.0,0
dense-20260718009189-8cc89d4891ab,dense,multi,3,ie2_degraded,1,0,0,0,33,0.0,0,,,,,0.0,0.0,0.0,0.0,0,0,1,0,0,68,0.3163265306122449,4,0.06848538588852651,0.6731760740625642,0.003461950270311458,,0.0,0.0967741935483871,0.8387096774193549,0.0,1
standard-20260717006622-fc55ea447a46,standard,zero,0,tied,1,0,0,0,25,0.0,0,,,,,0.0,0.0,0.0,0.0,0,1,0,0,0,19,0.0,0,,,,,0.0,0.0,0.0,0.0,0
dense-20260718009254-8367057c68cc,dense,edge1,1,tied,1,0,0,0,22,0.0,0,,,,,0.0,0.0,0.0,0.0,0,1,0,0,0,20,0.0,0,,,,,0.0,0.0,0.0,0.0,0
standard-20260717007060-41c216ee6e65,standard,zero,0,tied,1,0,0,0,13,0.0,0,,,,,0.0,0.0,0.0,0.0,0,1,0,0,0,14,0.0,0,,,,,0.0,0.0,0.0,0.0,0
dense-20260718008662-8330d5ee213a,dense,multi,3,tied,1,0,0,0,23,0.0,0,,,,,0.0,0.0,0.0,0.0,0,1,0,0,0,34,0.04950495049504951,1,0.19780279994010924,0.9893956065177918,0.0043366101673659955,0.8463960898024373,0.2,0.6,0.8,0.6,1
dense-20260718009159-82c693204c0b,dense,multi,2,ie2_degraded,1,0,0,0,26,0.09090909090909091,2,0.12914935848675668,0.7504117824137211,0.00768607886037459,1.5758337165067913,0.0,0.0,0.625,0.25,1,0,0,1,1,300,0.7948717948717948,15,0.007073854673720603,0.8982105992707727,0.00014379396900880906,1.9692938262859587,0.0035842293906810036,0.5949820788530465,0.8853046594982079,0.0,2
standard-20260717006647-5ca039467bb6,standard,zero,0,tied,1,0,0,0,16,0.0,0,,,,,0.0,0.0,0.0,0.0,0,1,0,0,0,29,0.0,0,,,,,0.0,0.0,0.0,0.0,0
dense-20260718008407-b29264fa5a20,dense,edge1,1,tied,1,0,0,0,30,0.04285714285714286,1,0.06475900610287984,0.22305864840745926,0.008720044939365179,1.2934364674395944,0.0,0.0,0.0,0.0,1,1,0,0,0,31,0.03614457831325301,1,0.10580840706825256,0.9886610507965088,0.02296868203247639,,0.0,0.0,0.0,0.0,1
dense-20260718009161-f49c1bf982ff,dense,edge1,1,tied,1,0,0,0,51,0.17391304347826086,1,0.40006606793031096,1.0,-0.011626535839736232,,0.0,0.6875,0.875,0.0,1,1,0,0,0,16,0.0,0,,,,,0.0,0.0,0.0,0.0,0
dense-20260718009317-db62e21fe167,dense,multi,3,ie2_improved,0,2,0,0,26,0.0,0,,,,,0.0,0.0,0.0,0.0,0,1,0,0,0,33,0.0379746835443038,1,0.12271750470002492,0.7588046590487162,0.02133863712991883,,0.0,0.0,0.0,0.0,1
standard-20260717006705-a17fa9c7c1f1,standard,zero,0,tied,1,0,0,0,17,0.0,0,,,,,0.0,0.0,0.0,0.0,0,1,0,0,0,17,0.0,0,,,,,0.0,0.0,0.0,0.0,0
dense-20260718008225-9737b7426e4d,dense,edge1,1,ie2_degraded,1,0,0,0,12,0.0,0,,,,,0.0,0.0,0.0,0.0,0,0,1,0,0,15,0.0,0,,,,,0.0,0.0,0.0,0.0,0
standard-20260717007050-339a798a2931,standard,edge1,1,tied,1,0,0,0,20,0.0,0,,,,,0.0,0.0,0.0,0.0,0,1,0,0,0,22,0.0,0,,,,,0.0,0.0,0.0,0.0,0
